feed_id,用户名,性别,问题内容,发布时间,浏览量,评论量,图片,评论
1033817341831612544	,狐友166419895717202,男,今天工体有一起的吗,2023-05-15 12:40:56,104,0,['https://d040779c2cd49.cdn.sohucs.com/s_v3_1_w_z/pic/20230515/1033817283438322048.jpg'],[]
1033788579622620032	,狐友168366521425101,未知,"来自外校的小贩，有没有北航的大妹子，大兄弟看看手办，vx13675300955(*≧ｍ≦*) ",2023-05-15 10:46:39,262,0,[],[]
1033775137264176128	,dhj3_jdj,男,有没有正在准备保研面试英语口语的友友，加加，私我联系方式[勾引],2023-05-15 09:53:14,303,0,[],[]
1033760533997881472	,Isles,男,m码medm棒球服 仅穿几次 不适合自己 300出,2023-05-15 08:55:12,552,1,['https://d040779c2cd49.cdn.sohucs.com/s_v3_1_w_z/pic/20230515/1033760446286405888.png'],"[('Isles', '77v 15512547520')]"
1033633547782654720	,狐友168408177870700,未知,"家人们谁懂啊？
怎么会有女生有男朋友了，还和别的男生单独在一起？",2023-05-15 00:30:36,1040,9,[],"[('耿筱格怎么做到的', '这不就是材料21级专硕耿筱格一直做的事儿吗'), ('狐友168408177870700', '可是雪～，'), ('哄哄6834', '你疯了吧[黑线]'), ('狐友166419516207903', '因为她要有新男朋友了92'), ('edaced', '[棒][棒][棒]')]"
1033615726889601152	,耿筱格怎么做到的,男,渣女—21级专硕耿筱格，明知道其他男孩子有女朋友的情况下，还去勾引人家，后被曝光在超话。,2023-05-14 23:19:48,1187,0,"['https://d040779c2cd49.cdn.sohucs.com/s_v4_4b/pic/20230514/1033615530424017280.jpg', 'https://d040779c2cd49.cdn.sohucs.com/s_v4_4ab/pic/20230514/1033615530948305024.jpg', 'https://d040779c2cd49.cdn.sohucs.com/s_v4_4ab/pic/20230514/1033615531594227968.jpg', 'https://d040779c2cd49.cdn.sohucs.com/s_v4_4ab/pic/20230514/1033615531720057088.jpg']",[]
1033494584191290240	,狐友167967378209006,男,有17到成都参加航空工业重点高校博士双选会的？,2023-05-14 15:18:25,1446,2,[],"[('波若蜜波若蜜', '我已经买票了')]"
1033492457326839936	,胡子文wk,男,有一张五月天6。3 855的票，但是有事想换一天，有可以换票的吗，其他哪天都可以，555也可以,2023-05-14 15:09:58,1358,1,[],"[('胡子文wk', '17710589201 加微')]"
1033237326274431616	,克己的林朝英,女,蹲个一起减肥的友友[爱你]约着打羽毛球 做运动呀～,2023-05-13 22:16:10,1938,13,[],"[('豁达的裘千尺', '加v[嘿嘿]'), ('潇洒的赵敏', '我加你！'), ('好学的洪七公', '我加你吧[嘿嘿]'), ('好学的洪七公', '可以啊dd[嘿嘿]')]"
1033187328354618112	,波若蜜波若蜜,女,"新北阳光健身房为什么涨价这么厉害呢？  现在一年都要2400了，而且还不让办一年，最多只能办半年1200，一个月的话是400[尴尬][尴尬]真的只有我觉得贵的要命吗？ 为什么这么小的健身房还能涨这么贵啊？  

有么有同学转卡，半年左右都行，带价来。要不是不想跑校外就办吉格的卡了，人家才1600/年",2023-05-13 18:57:29,2305,22,"['https://d040779c2cd49.cdn.sohucs.com/s_v4_2b/pic/20230513/1033187320800485632.jpg', 'https://d040779c2cd49.cdn.sohucs.com/s_v3_h_c/pic/20230513/1033187321379299584.jpg']","[('波若蜜波若蜜', 'ihome网址：i.buaa.edu.cn'), ('2ving', '害，去年春夏去大热天不开空调，让他开还在狗叫'), ('Bcutty', '建议上ihome，看学校怎么说'), ('KY8452', '校内垄断真是出生的行为，你要是场地够大器械够多也行啊，场地就那么点，那些常用器械就一样一个，天天还得排队用，真是出生'), ('可爱的程旭袁', '北航的健身房最贵的真该死呀，再恶心呀'), ('啦啦啦啦lo', '学校里水果也比外面贵一圈'), ('狐友166753847200203', '阿这，中关村有一家2200两年，1600一年＋一个月98'), ('恕我直言', '吉格不是2000吗…')]"
1032880058697713920	,狐友167776987471303,男,有没有看过我们都爱笑的uu01,2023-05-12 22:36:31,1302,2,[],"[('琦.. Qi \ue32e', '啊我看过我看过！我超级爱看那个整蛊嘉宾要求嘉宾完成主持人同样动作的环节！')]"
1032811964042250752	,狐友167816167980200,男,介绍我舍友，北航沙河健身肌肉帅哥，聊得来长得帅，想找女朋友！加q了解一下啦1436129459,2023-05-12 18:05:56,1629,0,[],[]
1032742588031109760	,蔡定坤,男,在北区快递附近捡到一个苹果有线耳机,2023-05-12 13:30:15,1717,0,['https://d040779c2cd49.cdn.sohucs.com/s_v3_1_w_z/pic/20230512/1032742578992193920.jpg'],[]
1032716155330169216	,狐友168363509443106,未知,有表白墙号吗,2023-05-12 11:45:13,1205,0,[],[]
1032710503132236800	,试图混入匿名的匿名,未知,想问下大家怎么修改自己的北航邮箱账号名啊[给跪了],2023-05-12 11:22:45,1344,2,[],"[('934541', '找信息办')]"
1032679717251254400	,狐友167781948521905,男,求一个晚上八点或者九点的羽毛球场，学院路[大哭][大哭],2023-05-12 09:20:26,1291,0,[],[]
1032515710548642688	,狐友166494469078304,未知,晚上九点多的五号楼前面路上，一个男生蹦蹦跳跳走过，乖乖头发，棕色长袖卫衣，黑色短裤，白色袜子配黑色板鞋，腿细带些肌肉线条，黑色书包上挂了绿绿的小恐龙。好——可——爱——!!!,2023-05-11 22:28:43,1781,0,['https://d040779c2cd49.cdn.sohucs.com/s_mini/pic/20230511/1032515565119348992.jpg'],[]
1032489541400988160	,居居蟹,男,大家染头发都去哪里呀，夏天了孩子想染个金毛[黑线],2023-05-11 20:44:44,1758,0,[],[]
1032479167805065344	,温柔的仪琳,男,"诸位减肥期间都吃的什么啊
推荐下合一或者新北的",2023-05-11 20:03:31,1748,1,[],"[('豁达的裘千尺', '新北一楼减脂餐')]"
1032477624921950848	,狐友168225996106206,男,想问一下这哥们怎么做到在公共场合外放视频[捂脸][捂脸],2023-05-11 19:57:23,1716,0,['https://d040779c2cd49.cdn.sohucs.com/s_v3_1_w_z/pic/20230511/1032477520114491776.jpg'],[]
1032880058697713920	,狐友167776987471303,男,有没有看过我们都爱笑的uu01,2023-05-12 22:36:31,1302,2,[],"[('琦.. Qi \ue32e', '啊我看过我看过！我超级爱看那个整蛊嘉宾要求嘉宾完成主持人同样动作的环节！')]"
1032811964042250752	,狐友167816167980200,男,介绍我舍友，北航沙河健身肌肉帅哥，聊得来长得帅，想找女朋友！加q了解一下啦1436129459,2023-05-12 18:05:56,1629,0,[],[]
1032742588031109760	,蔡定坤,男,在北区快递附近捡到一个苹果有线耳机,2023-05-12 13:30:15,1717,0,['https://d040779c2cd49.cdn.sohucs.com/s_v3_1_w_z/pic/20230512/1032742578992193920.jpg'],[]
1032716155330169216	,狐友168363509443106,未知,有表白墙号吗,2023-05-12 11:45:13,1205,0,[],[]
1032710503132236800	,试图混入匿名的匿名,未知,想问下大家怎么修改自己的北航邮箱账号名啊[给跪了],2023-05-12 11:22:45,1344,2,[],"[('934541', '找信息办')]"
1032679717251254400	,狐友167781948521905,男,求一个晚上八点或者九点的羽毛球场，学院路[大哭][大哭],2023-05-12 09:20:26,1291,0,[],[]
1032515710548642688	,狐友166494469078304,未知,晚上九点多的五号楼前面路上，一个男生蹦蹦跳跳走过，乖乖头发，棕色长袖卫衣，黑色短裤，白色袜子配黑色板鞋，腿细带些肌肉线条，黑色书包上挂了绿绿的小恐龙。好——可——爱——!!!,2023-05-11 22:28:43,1781,0,['https://d040779c2cd49.cdn.sohucs.com/s_mini/pic/20230511/1032515565119348992.jpg'],[]
1032489541400988160	,居居蟹,男,大家染头发都去哪里呀，夏天了孩子想染个金毛[黑线],2023-05-11 20:44:44,1758,0,[],[]
1032479167805065344	,温柔的仪琳,男,"诸位减肥期间都吃的什么啊
推荐下合一或者新北的",2023-05-11 20:03:31,1748,1,[],"[('豁达的裘千尺', '新北一楼减脂餐')]"
1032477624921950848	,狐友168225996106206,男,想问一下这哥们怎么做到在公共场合外放视频[捂脸][捂脸],2023-05-11 19:57:23,1716,0,['https://d040779c2cd49.cdn.sohucs.com/s_v3_1_w_z/pic/20230511/1032477520114491776.jpg'],[]
1031704528367585408	,开心快乐幸福公主本人,女,请问uu们京外户籍办护照，申请学校在学证明多久能开出来？学校招生就业处老师处理的快吗？,2023-05-09 16:45:22,2011,4,[],"[('白日梦想家1673', '去知行楼办，现场就能拿到')]"
1031689543537068416	,卖票骗子死全家,未知,这个si骗子又来骗人了，在不同学校骗，大家小心,2023-05-09 15:45:50,2076,0,['https://d040779c2cd49.cdn.sohucs.com/s_v3_h_c/pic/20230509/1031689542962258048'],[]
1031645925816339328	,狐友167957316189003,男,"家人们谁懂啊
我理解卫生纸沐浴露洗衣液什么的用完之后没来得及买于是先用用室友的，但你天天就是蹭从来不买是个什么东西，又不是没钱，天天穿金戴银别人面前风风光光，体体面面，回到宿舍之后纸用别人的，洗衣液用别人的，劳您大架去自己买一桶跟要了你的命一样，什么素质，鉴定为懒，无语",2023-05-09 12:52:30,2025,5,[],"[('狐友167808191051303', '表示被蹭过洗衣液，洗发水，卫生纸，牙膏。[大哭]'), ('bulletdiamond', '直接冈上去'), ('bulletdiamond', '建议直接当面对线[棒]'), ('狐友167957316189003', '已经这个样子快两个学期了，原来钱是这么省的')]"
1031621345542343552	,揉碎星月37,女,就是说有没有小情侣想一起去淄博烧烤呀这周末 租车去,2023-05-09 11:14:50,1563,0,[],[]
1031607229742254976	,不知名de网友,女,有需要志愿时长联系：B13724680[棒]超便宜,2023-05-09 10:18:45,1468,1,[],"[('骄傲的令狐冲', '这不会就是传说中的花钱买经历吧')]"
1031565150844553600	,狐友167888238851909,未知,谁知道主楼空调怎么开呀[大哭],2023-05-09 07:31:32,1465,2,[],[]
1031483117246024064	,狐友167798529429301,未知,有无uu想喝酒蹦迪的，可以一起组局，大家一起，vx:zhangchange2580,2023-05-09 02:05:34,1334,0,[],[]
1031473425518103040	,狐友166480774209200,男,有会跑酷或者跑酷社的友友吗，突然想学跑酷，有没有大佬带我一起练练呀，平时打羽毛球多，身体素质还行，之前td线也能轻松不钻bug速通[比心][嘿嘿],2023-05-09 01:27:03,1330,2,[],"[('一二的一二', '北航FLOWING跑酷社')]"
1031462969051122432	,卖报的小行家2459,男,"最近好多音乐节，演唱会啥的，好想去喔，有无感兴趣的朋友找个搭子，感觉身边的同学朋友都不咋感兴趣[大哭]
保佑我抢到五月天的票[给跪了]",2023-05-09 00:45:30,1301,2,[],"[('狐友166633506961405', '你抢到了吗[大哭][大哭]')]"
1031392626198383360	,狐友167634336522409,男,交友～,2023-05-08 20:05:59,1679,0,['https://d040779c2cd49.cdn.sohucs.com/s_v3_1_w_z/pic/20230508/1031392611983696256.jpg'],[]
1031386419442157824	,豆铣礼尚往来,男,"坐标学院路，是一名男摄，找一找最近想拍人像的同学！
入摄影大概一年半了，最近又入了胶片坑，买了几卷想试试人像。或许有没有同学最近想拍的，可以帮大家拍！（或者有没有摄影师让我蹭拍97 96想多学习学习技术）
（（附三张学院路照片吧",2023-05-08 19:41:19,1705,6,"['https://d040779c2cd49.cdn.sohucs.com/s_v4_3b/pic/20230508/1031386178248515840.jpg', 'https://d040779c2cd49.cdn.sohucs.com/s_v4_3ab/pic/20230508/1031386261102796928.jpg', 'https://d040779c2cd49.cdn.sohucs.com/s_v4_3ab/pic/20230508/1031386316673130880.jpeg']","[('狐友168402847090501', '你倒是留联系方式呀'), ('狐友1641474645757', '蹲蹲'), ('beba', '举手')]"
1031290291296078848	,Abby7276,女,想捞一个5月13号早上在门头沟区大峪第二小学面试教资的uu 我是7.20进候考室 想要一起拼车~,2023-05-08 13:19:21,1383,0,[],[]
1031287752982989312	,早睡早起up,女,"曝一个卖票骗子，大家小心一点，真的很奇怪！
说不出来学院系号，微信不好好加，直接支付宝转账，不想走闲鱼平台，一会说自己在沙河一会说不在，一会说来看男朋友一会又自称学弟，恼羞成怒就开始骂人
也请大家甄别，我错了自然会道歉，别瞎扯皮",2023-05-08 13:09:15,1793,3,"['https://d040779c2cd49.cdn.sohucs.com/s_v3_h_c/pic/20230508/1031286756781072640.jpg', 'https://d040779c2cd49.cdn.sohucs.com/s_v3_h_c/pic/20230508/1031286796048146560.jpg', 'https://d040779c2cd49.cdn.sohucs.com/s_v3_h_c/pic/20230508/1031286968161411200.jpg', 'https://d040779c2cd49.cdn.sohucs.com/s_v3_h_c/pic/20230508/1031287100705612160.jpg']","[('小皮同学', '我本来也有打算买，但是有拖延症，本来寻思等等再买，结果看了你这个帖子，明显是骗子'), ('小皮同学', '卧槽，我差点也上当')]"
1031286045402139264	,JO.,未知,9595对北京明星演唱会、体育赛事志愿活动感兴趣的可以直接加微信 kby_ime，经常有免费看演唱会机会（蔡徐坤、TFBoys等一线明星）、球赛（CBA、中超联赛等国际赛事），以及其它各类大型活动，加微信回复进志愿者后备群，会在群里发布志愿活动信息，欢迎大家来！,2023-05-08 13:02:28,1526,0,[],[]
1031248751135755264	,早睡早起up,女,恋爱瘾犯了！快来个人骂醒我！,2023-05-08 10:34:17,2271,24,[],"[('-pi', '去年11月你也发了一条hhhhhh'), ('试图混入匿名的匿名', '楼主头像好评,一眼九月[棒][棒]'), ('狐友166989301583100', '勇敢尝试！趁着年轻大胆尝试'), ('2932', '[生气]'), ('啦啦啦咿呀', '还是别谈了，不出意料的话谈会被票贩子坑[嘿嘿]'), ('清风兰雪', '其实我觉得你现在不知道和谁谈可能还是把爱情看得太过神圣了，人生终究是孤独的，自己的道路还是要自己走，其他人终究也只是陪你走一段路而已。\n现在这个阶段谈的话我觉得找一个人品和颜值都说得过去的就行，不要对对方或者对爱情期望太多，期望越多可能失望越多，而且也容易成恋爱脑，容易被骗。'), ('狐友168093978322905', '此评论已删除'), ('清风兰雪', '如果是纯精神需求的话不如看看书，听听音乐，和朋友聊聊天吧，你那么多朋友亲人不能让你感到陪伴的话，又怎么指望天降一个和你有很多共鸣的男生呢'), ('狐友167808191051303', '主要看你是哪方面的需求，如果是精神上的没必要骂。')]"
1031105750946220928	,狐友166783834377401,男,除了运动品牌，大家还有不错的衣服品牌推荐吗？最好不要太贵，最贵能接受的是斐乐这种轻奢。,2023-05-08 01:06:03,2202,2,[],"[('小Wang没烦恼', 'zara ur穿起来还可以'), ('Phoebe123', 'stussy carharrt ')]"
1031096034568374784	,什么时候能吃麻辣烫,女,北航的同学们[大哭]想问问这个优秀的同学是谁呀[大哭]在我们学校圈子发的，太优秀了[大哭]想问问这样的传奇人物有什么事迹[爱你],2023-05-08 00:27:26,2939,2,"['https://d040779c2cd49.cdn.sohucs.com/s_v4_2a/pic/20230508/1031095403044413824.jpg', 'https://d040779c2cd49.cdn.sohucs.com/s_v4_2a/pic/20230508/1031095557742928128.jpg']","[('莱茵毛茸茸', '就这描述也没看出来有多优秀啊[黑线]'), ('狐友166783834377401', '额，我估计认识。他好社死啊。基本属实吧，不过不算大学霸[嘿嘿]')]"
1031088815076477056	,不想做老师的学生不是好学生,女,有没有北航沙河校区的热情uu，想去蹭食堂一次，可以请喝奶茶！本人幽默风趣有意思,2023-05-07 23:58:45,1890,3,[],"[('巧克力豆麻薯', '来！'), ('狐友167773133933007', '来来'), ('狐友166890522328106', '来！')]"
1031063597528320896	,狐友167773133933007,男,天选内耗人[大哭][大哭][大哭],2023-05-07 22:18:33,1728,0,[],[]
1031038507638000384	,四妙勇安汤,女,请问有没有可以辅导GRE数学的友友啊，或者高数也可以。有偿～一周三次，将近两周左右的时间。有意向可以私信我～,2023-05-07 20:38:51,1513,2,[],"[('狐友166627242137100', '可以B站搜一下资源，很简单的东西都是，初高中就学过')]"
1031032927082973440	,阿白5787,女,家人们，有人对泡泡玛特的小野系列感兴趣吗[大哭]今天抽了两个重复的[大哭][大哭]喜欢的可以低价转[给跪了]或者跟我换也行[爱你],2023-05-07 20:16:40,1317,1,['https://d040779c2cd49.cdn.sohucs.com/s_v3_1_w_z/pic/20230507/1031032810791510144.jpg'],"[('狐友166592259737104', '大象！可以私聊吗')]"
1031022812011366528	,狐友168181233771104,未知,uu咱就是说，学院路食堂有哪些好吃的？周边有啥好吃的？[偷笑],2023-05-07 19:36:29,1147,3,[],"[('狐友168352389355908', '合一3层 左边 麻辣香锅 超级好吃 很入味[棒]\n知春路地铁站F口出来去有一堆饭馆，龙船码头火锅，佳木斯人烤串还不错～'), ('狐友168181233771104', '求推荐')]"
1030950725812947456	,beba,女,下周打算去济南，秦皇岛，有无学院路姐妹一起？？一起做攻略,2023-05-07 14:50:02,1163,0,[],[]
1030903524554377600	,2932,男,今天下午有没有打台球的？本人打的不好，本人男，沙河校区，对方男女都行[捂脸][捂脸][捂脸]，有的私聊吧,2023-05-07 11:42:28,1353,0,[],[]
1030748919388375680	,Вера,女,睡不着了 我滴妈,2023-05-07 01:28:07,1469,1,[],"[('狐友167636494181403', '聊聊天就好了')]"
1030719815624624512	,ugyugyugy,女,有没有学院路校区的uu想线下看周三凌晨的曼城vs皇马首回合啊06 想攒个女生局 哪边球迷都行！没我主队 单纯爱看美丽足球90,2023-05-06 23:32:29,1659,1,"['https://d040779c2cd49.cdn.sohucs.com/s_v4_2a/pic/20230506/1030719765854822656.gif', 'https://d040779c2cd49.cdn.sohucs.com/s_v4_2a/pic/20230506/1030719766383304832.gif']","[('位仁磊', '想看加一但是男生')]"
1030702589064448256	,momo1877,未知,沙河有啥好吃的呀，求推荐,2023-05-06 22:24:01,1510,2,[],"[('不想做老师的学生不是好学生', '阳坊涮肉好好吃！！！我办了会员卡，真的好吃哭了'), ('匿名的小动物', '西区二层干锅牛肉 鸡汤刀削 铁盘饭\n西区三层麻辣烫 滋补鸡汤米线[棒]')]"
1030694378445933056	,狐友168249892964306,男,不知道这些出国留学的事情 害得我好苦,2023-05-06 21:51:24,1489,1,"['https://d040779c2cd49.cdn.sohucs.com/s_mini/pic/20230506/1030694296346435712.jpg', 'https://d040779c2cd49.cdn.sohucs.com/s_v4_2a/pic/20230506/1030694297449537792.jpg']","[('狐友168249892964306', 'alexyd666一起避坑\n')]"
1030683316296288384	,狐友168337839576902,未知,研歌赛上的cnb，他们俩他们两个是不是真的？啊啊啊啊，想磕,2023-05-06 21:07:26,1297,0,[],[]
1030636557108972032	,狐友167488751175403,未知,有没有陕西老乡群呀？北航研0求个组织！[棒],2023-05-06 18:01:38,1495,1,[],"[('luoyihui', '那个群里没人说话的')]"
1031386419442157824	,豆铣礼尚往来,男,"坐标学院路，是一名男摄，找一找最近想拍人像的同学！
入摄影大概一年半了，最近又入了胶片坑，买了几卷想试试人像。或许有没有同学最近想拍的，可以帮大家拍！（或者有没有摄影师让我蹭拍97 96想多学习学习技术）
（（附三张学院路照片吧",2023-05-08 19:41:19,1705,6,"['https://d040779c2cd49.cdn.sohucs.com/s_v4_3b/pic/20230508/1031386178248515840.jpg', 'https://d040779c2cd49.cdn.sohucs.com/s_v4_3ab/pic/20230508/1031386261102796928.jpg', 'https://d040779c2cd49.cdn.sohucs.com/s_v4_3ab/pic/20230508/1031386316673130880.jpeg']","[('狐友168402847090501', '你倒是留联系方式呀'), ('狐友1641474645757', '蹲蹲'), ('beba', '举手')]"
1031290291296078848	,Abby7276,女,想捞一个5月13号早上在门头沟区大峪第二小学面试教资的uu 我是7.20进候考室 想要一起拼车~,2023-05-08 13:19:21,1383,0,[],[]
1031287752982989312	,早睡早起up,女,"曝一个卖票骗子，大家小心一点，真的很奇怪！
说不出来学院系号，微信不好好加，直接支付宝转账，不想走闲鱼平台，一会说自己在沙河一会说不在，一会说来看男朋友一会又自称学弟，恼羞成怒就开始骂人
也请大家甄别，我错了自然会道歉，别瞎扯皮",2023-05-08 13:09:15,1793,3,"['https://d040779c2cd49.cdn.sohucs.com/s_v3_h_c/pic/20230508/1031286756781072640.jpg', 'https://d040779c2cd49.cdn.sohucs.com/s_v3_h_c/pic/20230508/1031286796048146560.jpg', 'https://d040779c2cd49.cdn.sohucs.com/s_v3_h_c/pic/20230508/1031286968161411200.jpg', 'https://d040779c2cd49.cdn.sohucs.com/s_v3_h_c/pic/20230508/1031287100705612160.jpg']","[('小皮同学', '我本来也有打算买，但是有拖延症，本来寻思等等再买，结果看了你这个帖子，明显是骗子'), ('小皮同学', '卧槽，我差点也上当')]"
1031286045402139264	,JO.,未知,9595对北京明星演唱会、体育赛事志愿活动感兴趣的可以直接加微信 kby_ime，经常有免费看演唱会机会（蔡徐坤、TFBoys等一线明星）、球赛（CBA、中超联赛等国际赛事），以及其它各类大型活动，加微信回复进志愿者后备群，会在群里发布志愿活动信息，欢迎大家来！,2023-05-08 13:02:28,1526,0,[],[]
1031248751135755264	,早睡早起up,女,恋爱瘾犯了！快来个人骂醒我！,2023-05-08 10:34:17,2271,24,[],"[('-pi', '去年11月你也发了一条hhhhhh'), ('试图混入匿名的匿名', '楼主头像好评,一眼九月[棒][棒]'), ('狐友166989301583100', '勇敢尝试！趁着年轻大胆尝试'), ('2932', '[生气]'), ('啦啦啦咿呀', '还是别谈了，不出意料的话谈会被票贩子坑[嘿嘿]'), ('清风兰雪', '其实我觉得你现在不知道和谁谈可能还是把爱情看得太过神圣了，人生终究是孤独的，自己的道路还是要自己走，其他人终究也只是陪你走一段路而已。\n现在这个阶段谈的话我觉得找一个人品和颜值都说得过去的就行，不要对对方或者对爱情期望太多，期望越多可能失望越多，而且也容易成恋爱脑，容易被骗。'), ('狐友168093978322905', '此评论已删除'), ('清风兰雪', '如果是纯精神需求的话不如看看书，听听音乐，和朋友聊聊天吧，你那么多朋友亲人不能让你感到陪伴的话，又怎么指望天降一个和你有很多共鸣的男生呢'), ('狐友167808191051303', '主要看你是哪方面的需求，如果是精神上的没必要骂。')]"
1031105750946220928	,狐友166783834377401,男,除了运动品牌，大家还有不错的衣服品牌推荐吗？最好不要太贵，最贵能接受的是斐乐这种轻奢。,2023-05-08 01:06:03,2202,2,[],"[('小Wang没烦恼', 'zara ur穿起来还可以'), ('Phoebe123', 'stussy carharrt ')]"
1031096034568374784	,什么时候能吃麻辣烫,女,北航的同学们[大哭]想问问这个优秀的同学是谁呀[大哭]在我们学校圈子发的，太优秀了[大哭]想问问这样的传奇人物有什么事迹[爱你],2023-05-08 00:27:26,2939,2,"['https://d040779c2cd49.cdn.sohucs.com/s_v4_2a/pic/20230508/1031095403044413824.jpg', 'https://d040779c2cd49.cdn.sohucs.com/s_v4_2a/pic/20230508/1031095557742928128.jpg']","[('莱茵毛茸茸', '就这描述也没看出来有多优秀啊[黑线]'), ('狐友166783834377401', '额，我估计认识。他好社死啊。基本属实吧，不过不算大学霸[嘿嘿]')]"
1031088815076477056	,不想做老师的学生不是好学生,女,有没有北航沙河校区的热情uu，想去蹭食堂一次，可以请喝奶茶！本人幽默风趣有意思,2023-05-07 23:58:45,1890,3,[],"[('巧克力豆麻薯', '来！'), ('狐友167773133933007', '来来'), ('狐友166890522328106', '来！')]"
1031063597528320896	,狐友167773133933007,男,天选内耗人[大哭][大哭][大哭],2023-05-07 22:18:33,1728,0,[],[]
1031038507638000384	,四妙勇安汤,女,请问有没有可以辅导GRE数学的友友啊，或者高数也可以。有偿～一周三次，将近两周左右的时间。有意向可以私信我～,2023-05-07 20:38:51,1513,2,[],"[('狐友166627242137100', '可以B站搜一下资源，很简单的东西都是，初高中就学过')]"
1030636466046437632	,狐友10208366,男,"吐槽一下学校的教室管理系统，明明看到教室在某个时段没有被占用，却总有一群人跑进来上课、开会，然后自习的人就得灰溜溜的走开。
既然你要设计教室管理系统，教室预约功能就应该落实到实处。",2023-05-06 18:01:16,1344,1,[],"[('狐友1647925554055', '支持')]"
1030630578157979776	,狐友168336584636008,未知,孩子的作业求求了，填个问卷吧[可怜]https://www.wenjuan.pub/s/biEfmiA/#《一项针对在校大学生的心理学问卷调查》，快来参与吧。被试费3元，12小时内审核发放,2023-05-06 17:37:53,1048,0,[],[]
1030612582844795776	,刚好日落,女,有没有uu下周末一起去赵泳鑫“日落派对”演唱会现场的呀，想找位同行的大麦[比心]一起去,2023-05-06 16:26:22,1008,0,[],[]
1030486583524132992	,红豆泥斯密码森,男,法大昌平女生，想蹲个沙河uu周末进城玩,2023-05-06 08:05:42,1623,5,[],"[('2932', '法大还有昌平校区'), ('狐友166790895473209', '不在沙河可以吗'), ('红豆泥斯密码森', 'vx：yangwanyu0304'), ('红豆泥斯密码森', '我超级喜欢骑单车，可以一起打卡美食店[棒]')]"
1030345972821199744	,狐友168181233771104,未知,uu们，用什么app记录照片文字最方便啊？[棒],2023-05-05 22:46:58,1345,3,[],"[('wenddddy', '微博'), ('狐友168181233771104', '就记录一下日常生活，出游啥的……[嘿嘿]')]"
1030314413372148736	,狐友168328972757909,女,网球半新手女生，能勉强底线拉几个，水平1.0-1.5的样子～想问问有没有水平差不多的女孩子可以一起打球呀？或者有群的话求拉～,2023-05-05 20:41:33,1299,0,[],[]
1030305670265768192	,DICKES844512346,男,求推荐信号分析的教材[棒]谢谢大家！,2023-05-05 20:06:49,1198,0,[],[]
1030299081127430656	,豁达的鲁有脚,女,有没有研究生学长学姐呀，想咨询外校考研到北航需要做哪些准备（本人是211自动化学生，qq1780433323，最近有些迷茫，对大家的帮助非常感谢！）,2023-05-05 19:40:38,1569,0,[],[]
1030274740197197952	,狐友168249892964306,男,"哈哈哈，每次看到这张图片好想笑
有想出国留学的小伙伴吗啊 可以一起交流一下",2023-05-05 18:03:54,1394,1,['https://d040779c2cd49.cdn.sohucs.com/s_v3_1_w_z/pic/20230505/1030274632390811776.jpg'],"[('狐友168249892964306', 'alexyd666一起避坑\n')]"
1030253849811814784	,爱打喷嚏的大象,男,"求问，知春路高兴火锅需要排队吗，打算明天晚饭去
",2023-05-05 16:40:54,1384,1,[],"[('被迫读书的狒狒', '可以大众点评排队')]"
1030227567128545024	,匿名的小动物,女,期中考试考的很不好，倒也不是说自己没努力，可能努力的还不够，但是现在挺难受的，觉得大概率会挂科，是很想努力挽救的但怕自己能力不够。现在压力很大，想问问大家如果遇到过这种情况，是如何缓解压力，让自己能够较为快乐地学习呢？非常感谢！现在真的很需要这个方法，虽然各人有各人的办法但可以稍微借鉴,2023-05-05 14:56:27,1408,7,[],"[('狐友168189724704802', '上洛谷有针对性的刷刷题[棒]'), ('狐友166445467916202', '数据结构期末占比更大 后面好好学 来的及'), ('骄傲的令狐冲', '找人带你学，对象最好'), ('巧克力豆麻薯', '看看b站有无相关课程，争取补补别挂')]"
1029984662543598848	,狐友167902352112806,男,出各种品牌台球杆 uu们找我,2023-05-04 22:51:14,1462,2,['https://d040779c2cd49.cdn.sohucs.com/s_mini/pic/20230504/1029984580527989120.jpg'],"[('早睡早起up', '同学自用的？女士杆有吗')]"
1029984357718361216	,Culaccino4668,女,有北航的小姐姐出租床位嘛 可以联系我呀～我考研需要一个住的地儿～价格可谈,2023-05-04 22:50:02,1237,0,[],[]
1029945445323048704	,我伯糍粑,女,这个学期什么时候放暑假啊,2023-05-04 20:15:24,1101,0,[],[]
1029869832604171136	,霓为衣兮,女,"求北航数理逻辑与集合论课件及相关资料，有偿50r~
qq 1783061169",2023-05-04 15:14:57,1237,0,[],[]
1029607538531974016	,东方月初3142,男,万能的狐友啊啊有没有小哥哥有北航海淀区校区出租床位的啊呜呜帮帮忙~,2023-05-03 21:52:41,1820,0,[],[]
1029595283983645568	,斯文的郭芙,男,"最近感觉hiphop kpop真的好帅好飒呀，真的好有感染力，有没有可以学习的地方推荐呐，
本人只是个脑子手脚不是那么协调的男孩子，可能只是一时兴起，有无兄弟也有想试一下的冲动 (内向boy，不过有人一起就可以发疯了[嘿嘿]）",2023-05-03 21:03:59,2516,1,[],"[('仗义的定逸', '北京舞社挺多的 你可以去试试课')]"
1029523739886435968	,狐友167808191051303,男,今年目标是100。,2023-05-03 16:19:42,2343,7,['https://d040779c2cd49.cdn.sohucs.com/s_v3_1_w_z/pic/20230503/1029523704683438464.jpg'],[]
1029469071814639104	,wlwlg,男,bozhuo同学，下次买咖啡不要插队[棒]。,2023-05-03 12:42:28,2109,0,[],[]
1029282790572768384	,妩媚的洪七公,男,今天看了看北大树洞，每分钟都有人发言，为什么不推广一下使我们学校的树洞热闹起来？[倒霉],2023-05-03 00:22:15,2727,5,[],"[('忠诚的阿碧', '要知道这个不过是一种商业模式，北航像北大那样搞自主管理的网络社区分分钟被学校gank（航子什么德行应该都得都懂）'), ('贤惠的纪晓芙', '咱们的树洞板块跟人大北大他们的不太一样，感觉那样的更适合随时随地交流'), ('善良的觉远', '我也建议参考北大'), ('妖艳的虚竹', '这边建议考北大')]"
1029269244677930368	,质朴的宁中则,女,家人们就是说我打算买一套青蛙人偶服 等我买完以后有没有也想穿着玩的呀 可以找我租 绝对绝对不贵（主要是这一套衣服真的很贵我也就穿几次 放着太亏）,2023-05-02 23:28:26,2574,6,['https://d040779c2cd49.cdn.sohucs.com/s_mini/pic/20230502/1029269171965272192.jpg'],"[('高尚的宋远桥', '已经买了[黑线]'), ('滑稽的岳老三', '别买 蹭我的 加个v[棒]leq20040416'), ('律己的欧阳峰', '我也想 报个名'), ('高贵的童百熊', '我也想！Q：1301023480'), ('妖艳的明珠', '举手+1'), ('倔强的岳不群', '可以哇[色]我先预约报个名\nQ1751303997')]"
1029243656311356288	,狐友168051538091300,未知,薛之谦济南站演唱会、票价517  5月14号周日的票想换5月13周六的票，有想换的联系微信呀15822105126，,2023-05-02 21:46:45,1573,0,[],[]
1028855725142784768	,aaaaaa__,女,有哪些适合一个人逛的地方吗（就现在），实在不想继续在宿舍窝着了[晕],2023-05-01 20:05:15,2761,14,[],"[('骆欢', '强推赛马娘2022  我这里有学习补丁（真的根本停不下来！！！）'), ('狐友166782671372105', '连续两天一个人看电影'), ('木鱼没有鱼', '操场上！适合一个人转圈圈或者在那个观赏台上发呆[棒]'), ('林西杰拉德', '五道口酒吧，还有西土城公园'), ('狐友166419895717202', '骑车去奥森\n')]"
1028739739655814656	,田墨,男,"出一张5.7号晚上正红旗下话剧票，二楼第一排中间位置，朋友有事去不了了，有需要私～
QQ 1625019042
",2023-05-01 12:24:22,2275,0,['https://d040779c2cd49.cdn.sohucs.com/s_mini/pic/20230501/1028738857241157888.jpg'],[]
1028679759590276480	,666-999,未知,库里[给跪了][给跪了][给跪了]泰裤辣,2023-05-01 08:26:01,1671,2,[],"[('9天之约', '库里 绝境的神！'), ('狐友166420874379107', '传奇还在继续')]"
1028538880690961536	,狐友166901408178502,男,"五一嘉德青年展捞捞一起去的朋友，
以后也可以一起约展约博物馆！
VX whc1565237738",2023-04-30 23:06:13,1547,0,[],[]
1028486513127799808	,狐友166428524782100,女,想问问北航哪里适合拍日出日落啊，就是高而且不会被窗户挡住,2023-04-30 19:38:08,1619,2,[],"[('匿名的小动物', '我舍友也想拍视频欸，不过她已经拍完了[棒]'), ('狐友166428524782100', '拍视频的那种')]"
1028397421782318336	,狐友166990223513709,未知,【招募实验被试】地点：新主楼A座；时间：4月30号至5月1日；实验内容：与机器人一起完成记忆力小游戏，时长约30到40分钟；报酬9030元。vx : rr9426498726,2023-04-30 13:44:07,1547,0,[],[]
1028098492054322432	,卖报的小行家2459,男,有无朋友这几天想去红砖美术馆，或者还有央美美术馆，不懂艺术，但还是想看看，找个搭子一起[棒],2023-04-29 17:56:16,2269,4,[],"[('狐友166901408178502', '看其他展有兴趣一起吗？！[棒]')]"
1028077991814708352	,44441,男,学院路校区有共享充电宝吗？手机快没电了04,2023-04-29 16:34:49,2162,0,[],[]
1027836850175426048	,固执的公孙绿萼,女,大晚上想发疯，放假了感觉好快乐啊[棒],2023-04-29 00:36:36,2925,4,[],"[('豪爽的南怀仁', '今天开学喽'), ('幽默的石破天', '明天开学喽[嘿嘿]'), ('磊落的殷离', 'y么')]"
1027808223710886784	,风趣的郭襄,男,想问问大家觉得恋爱、婚姻、和另一半的后半生生活占你人生蓝图的多少？,2023-04-28 22:42:51,2558,2,['https://d040779c2cd49.cdn.sohucs.com/s_v3_1_w_z/pic/20230428/1027808203141816576.jpg'],"[('善良的觉远', '30％ 不能再多了'), ('文雅的裘千丈', '怎么办，很渴望有个人陪伴，又因为上一段初恋，很抵触很害怕[大哭]')]"
1027737295018737152	,果壳帮果壳,男,"沙河校区，出舞蹈次卡01 

还有22次，1000元出，CT舞蹈，在沙河地铁站东边200米左右，老师教的很好！",2023-04-28 18:01:00,1917,0,[],[]
1027721990020217856	,狐友167774737322809,未知,求考研草履虫资料,2023-04-28 17:00:11,1839,0,[],[]
1027669553301371776	,早八睡不醒,未知,捡到的贵校uu身份证，但是没办法归还了，不会乱用及时补办哦！,2023-04-28 13:31:49,2069,3,['https://d040779c2cd49.cdn.sohucs.com/s_v3_1_w_z/pic/20230428/1027669071052677376.jpg'],"[('momo9387', '某个青椒吧[黑线]')]"
1027627900909861632	,狐友166753847200203,女,五一和父母在北京转转，求推荐餐厅~,2023-04-28 10:46:19,1892,0,[],[]
1027480819566066816	,狐友168261468125308,女,"中传研二女，找一位北航180+单身帅哥做周末饭搭子[棒]
感觉生活圈子太小了，有没有志同道合的帅哥感兴趣的dd",2023-04-28 01:01:52,2640,7,[],"[('位仁磊', '可以吃'), ('阿狐阿狐5186754946', '好远'), ('pureblack', 'dd\n'), ('狐友167702350505908', '就非要180么'), ('狐友167967378209006', '哈哈哈，认识认识？'), ('ttxy', '饭搭子[嘿嘿]胃口好是福')]"
1027475240088976256	,狐友168231397554406,女,,2023-04-28 00:39:41,1924,0,['https://d040779c2cd49.cdn.sohucs.com/s_mini/pic/20230428/1027475222606913664.jpg'],[]
1027472760978488576	,战狼冷锋,男,五一被困北京，有没有同样的小伙伴一起玩呀,2023-04-28 00:29:50,1751,1,[],"[('狐友166527911793406', '天津y')]"
1027467635442531072	,豁达的岳灵珊,男,"确实想交女朋友了...但又不想硬来，一上来查户口太楞了...想多认识点人，多找人聊聊天[大哭]
或许可以约约游戏羽毛球桌游出游...
留个：1796947878[给跪了]",2023-04-28 00:09:28,1853,4,[],"[('敏感的秦红棉', '小哥哥多大呀')]"
1027437588455308928	,狐友166712126476709,女,出一张《四月是你的谎言》音乐会票，本周五晚七点半，现半价出。,2023-04-27 22:10:05,1663,2,['https://d040779c2cd49.cdn.sohucs.com/s_mini/pic/20230427/1027437467965333760.jpg'],"[('cjeinagaidm', 'UU现在还能出吗！')]"
1027403583349537920	,跋扈的定逸,男,想找个蛋搭子，有空可以一起玩蛋仔派对，我刚开始玩，比较菜，想找个也不是很厉害的人一起玩，希望是女孩纸~~（因为和太厉害的玩感觉压力好大[捂脸]）QQ1271351425,2023-04-27 19:54:57,1774,0,[],[]
1027401718863969408	,来期-,女,有没有网安学院的毕业生学长学姐呀，往届应届的都可以！想咨询一下找工作的事情[记仇][比心][棒],2023-04-27 19:47:33,1647,0,['https://d040779c2cd49.cdn.sohucs.com/s_v3_1_h_z/pic/20230427/1027401653361320320.jpg'],[]
1027400902262340352	,犬,女,有木有uu周六一起去爬展哇(((o(*19▽19*)o))),2023-04-27 19:44:18,1504,1,['https://d040779c2cd49.cdn.sohucs.com/s_v3_1_h_z/pic/20230427/1027400700700663936.jpg'],"[('狐友168260238917808', 'me')]"
1027086259467796096	,豁达的岳灵珊,男,大家都怎么看待为了找对象而认识陌生人啊[捂脸],2023-04-26 22:54:01,2816,4,[],"[('强悍的郭芙', '跟点外卖一样，馋了想吃08（比较饥渴）但是不一定能点到好的……'), ('伟大的杨逍', '？？不认识你怎么找到'), ('善良的觉远', '很正常吧，比如说你看到学校里面一个同学好看，或者说看到同学很有才艺心动了，要联系方式，不挺正常的吗')]"
1027036418884713344	,狐友168249892964306,男,"有准备出国的uu？考研考公了，之前报的国外留学的学长学姐的留学申请服务用不上啦，有需要可低价出，评论区可建联～
",2023-04-26 19:35:58,2145,1,[],"[('狐友168249892964306', 'jwspencer')]"
1027031993034161280	,狐友168249892964306,男,有没有会弹钢琴的同学，有空一起练琴,2023-04-26 19:18:23,1827,0,[],[]
1027015152693886208	,孤友1661120991223,女,"学院路这边哪里有能练钢琴的呀？
收费琴房也行，本人02菜77社恐，只想找个可以独自练琴没人打扰的地方",2023-04-26 18:11:28,2172,3,['https://d040779c2cd49.cdn.sohucs.com/s_mini/pic/20230426/1027015131202068736.jpg'],"[('Non7159', '学校附近有个君艺乐器可以办练琴卡。大概出东门向北1.5km好像'), ('东里泽阳', '之前三教二楼还是三楼最东边的教室有一个钢琴，但是很久没去了不知道还在不在了。'), ('浪没了', '同问 为什么这么大一个学校练个琴房也没有[大哭][大哭][大哭]')]"
1026842428956687360	,南极考古小分队,男,想结实一些男生，对06比较憧憬[捂脸],2023-04-26 06:45:08,2848,4,[],"[('行可以', '啥东西'), ('战狼冷锋', '[黑线]什么意思'), ('bulletdiamond', '可以的，支持'), ('骄傲的令狐冲', '你应该去结识一些女生')]"
1026706692525735296	,狐友166480774209200,男,有同学对这个竞赛感兴趣么，一起组队打一下呀[棒],2023-04-25 21:45:45,1979,1,['https://d040779c2cd49.cdn.sohucs.com/s_v3_1_w_z/pic/20230425/1026706686003388800.jpg'],"[('狮城少年', '私聊[棒]')]"
1026706692525735296	,狐友166480774209200,男,有同学对这个竞赛感兴趣么，一起组队打一下呀[棒],2023-04-25 21:45:45,1979,1,['https://d040779c2cd49.cdn.sohucs.com/s_v3_1_w_z/pic/20230425/1026706686003388800.jpg'],"[('狮城少年', '私聊[棒]')]"
1026677618055003136	,跋扈的定逸,男,五一准备去西藏玩，有没有之前去过的宝子，求经验，求攻略，[捂脸]第一次去,2023-04-25 19:50:14,2391,6,[],"[('律己的奚长老', '五天假期拉萨林芝日喀则纳木错几个基本的可能都逛不完，如果飞机去的话还可能会高反，还一个是需要考虑到预算问题，所以希望您能给出一些更详细的信息，比如预算、景点喜好一些的'), ('可爱的郭芙', '只玩阿里南线就够了')]"
1026676210907954688	,123456esztgv,男,有无学长学姐毕业出air4/5呀～蹲蹲毕业收一个，带笔的最好啦,2023-04-25 19:44:38,2000,1,[],"[('大胡萝卜小青菜', 'iPadpro2020带笔要吗？')]"
1026649619213532032	,战狼冷锋,男,五一可有北京一起玩的，无票只能缩在北京了[大哭],2023-04-25 17:58:58,2088,0,[],[]
1026645671278754944	,塔克乌龙,男,哪里有这么大的高达看呀,2023-04-25 17:43:17,2088,0,['https://d040779c2cd49.cdn.sohucs.com/s_mini/pic/20230425/1026645615003574656.jpg'],[]
1026585006161738240	,狐友168240130434002,未知,北航学院路校区有无想一起玩乐队的～,2023-04-25 13:42:13,2194,2,[],"[('ofdm-man', 'dd 2198187857'), ('三文鱼5351', 'd')]"
1026584336713070336	,狐友166382739886404,男,Buaa有没有友友也买了票！现场一起嗨！,2023-04-25 13:39:34,2147,0,['https://d040779c2cd49.cdn.sohucs.com/s_v3_1_w_z/pic/20230425/1026584053169528960.jpg'],[]
1026571868221684224	,模板7444,男,为什么有男大牛马把裤衩袜子放到洗衣机一起洗啊，真不怕基霸长脚气吗,2023-04-25 12:50:01,2065,4,[],"[('44441', '好骂！'), ('狐友168243163676704', '群友的攻击力我是认可的[嘿嘿]'), ('taksas', '今天室友把其他人洗完的衣服扔的哪都是，然后把超大量黄了的袜子和衣服扔洗衣机里就不管了'), ('拉给一个', '哈哈哈哈巧了今天我还看到一个')]"
1026540400783079424	,山海7717,男,北航沙河校区出一个卢森吉他，原因是想换个电箱经费不够了，本吉他Rosen X1原价599，弹了一年，现欲450出，带变调夹、一套琴弦、背带，有意者联系哦（X18693317780）,2023-04-25 10:44:58,1768,0,"['https://d040779c2cd49.cdn.sohucs.com/s_v4_2b/pic/20230425/1026540304053838081.jpg', 'https://d040779c2cd49.cdn.sohucs.com/s_v4_2b/pic/20230425/1026540304053838080.jpg']",[]
1026375533887436672	,狐友168235070510400,未知,"北航有没有王者群啊
北师人申请偷偷潜入  求带啊啊啊
给你们看栗子",2023-04-24 23:49:51,2522,11,['https://d040779c2cd49.cdn.sohucs.com/s_v3_1_h_z/pic/20230424/1026375445458722944.jpg'],"[('2932', '确定打王者的？[嘿嘿]'), ('狐友167043205820802', '我也想知道[大哭]，还有北师有王者群吗'), ('horror', '蹲。有没有和平精英群[大哭]'), ('骄傲的令狐冲', '回你一只花花')]"
1026349973962439296	,狐友166636625127809,女,有uu见过这个U盘吗，在沙河主楼到田径场路上丢的[大哭]如果见到麻烦联系QQ2423569291，好人一生平安谢谢[心],2023-04-24 22:08:17,2144,2,['https://d040779c2cd49.cdn.sohucs.com/s_v3_1_w_z/pic/20230424/1026349629534380416.jpg'],"[('查尔斯王子', '抓到你啦')]"
1026332296812378624	,纠结的岳不群,男,问问大家对于吸烟的态度，可以的话回复时标一下性别[天使],2023-04-24 20:58:03,3189,33,[],"[('无邪的玄难', '♂，不抽烟，闻到劣质烟味儿非常恶心（大多数人吐的烟味），少部分水果烟或加了香料（不知道是不是）的烟闻了很上头，闻多了上瘾会赶紧捂鼻避开'), ('仗义的玄苦', '闻到会想吐，生理性的，远离就好'), ('豪爽的刘正风', '女，在公众场合抽烟的一律讨厌，想抽烟可以在自己家'), ('跋扈的樊一翁', '讨厌'), ('靓丽的殷离', '♀，以前身边都是吸烟的朋友，自己父亲也会吸烟，所以感觉对这个味道已经无感了。不排斥也不特殊对待。觉得就是每个人不同的选择罢了'), ('浮躁的渡劫', '♀，支气管炎，闻到烟味会一直咳，抽烟可以，（毕竟家里长辈我也管不了），但要离得远一点'), ('机灵的空闻', '♂，极端反对，因为100个人里98个说不会影响他人，不会让别人吸二手烟，但都是97鬼扯[棒]'), ('仗义的林朝英', '太难闻了，闻到会想吐'), ('纠结的段延庆', '别让别人闻二手烟就行'), ('宽厚的马真', '女，我觉得抽烟本身倒没什么，但我不抽因为我怕得肺癌，别人抽我管不着只要别让我抽到二手烟')]"
1026311390757074688	,塔克乌龙,男,好吃97,2023-04-24 19:34:58,2780,2,['https://d040779c2cd49.cdn.sohucs.com/s_v3_1_h_z/pic/20230424/1026311326303002880.jpg'],"[('塔克乌龙', '南方有点远'), ('bulletdiamond', '这哪里啊')]"
1026309537008924672	,15787645867248,女,有没有5.1天津一日游的啊,2023-04-24 19:27:36,2984,3,[],"[('狐友168243364505701', '我在天津有店，去了吃串串给你打折哈哈哈哈哈哈哈'), ('eferaw', '哈哈，我是两日游，刚刚订完票和酒店'), ('Alexander_lgln', '经常自驾游，可以联系下呀')]"
1026249561276103296	,卖室友小助手,女,"90昵称：点点
99性别：女生
92来自：吉林
93学校/专业：北师大
7099年龄/年级：95年
99TA的介绍：工作时安静专注，闲暇时喜欢打乒乓球，出去逛街逛景点。待人阳光真诚善良有分寸。今年博士毕业已拿到京户和编制
78对另一半的期望：92-97的理工男，硕士及以上。三观一致，性格合适，踏实本分，有责任担当。在北京发展，无不良嗜好。非诚勿扰！
",2023-04-24 15:29:17,3539,0,['https://d040779c2cd49.cdn.sohucs.com/s_v3_1_h_z/pic/20230424/1026249303070351744.jpg'],[]
1026245346751363328	,狐友168232030772208,男,"同学们 上午好！中午好！下午好！ 晚上好！[Happy]
我们想做一个关于英语学习动机的调查，了解北航大学生英语学习的相关情况，希望能够对英语学习和教学产生进一步的认识！[GoForIt]
此次问卷调查耗时大概在3～5分钟，还有现金红包拿哟～01",2023-04-24 15:12:32,1987,0,['https://d040779c2cd49.cdn.sohucs.com/s_mini/pic/20230424/1026245232544456832.png'],[]
1026161645040383744	,是一个大聪明,未知,"离北航超近的26615个博物馆诶！

90博物馆兼职讲师——会吸引到超酷的北航人不[嘿嘿][嘿嘿][嘿嘿]",2023-04-24 09:39:56,3066,0,"['https://d040779c2cd49.cdn.sohucs.com/s_v4_4b/pic/20230424/1026161464177598592.jpg', 'https://d040779c2cd49.cdn.sohucs.com/s_v3_h_c/pic/20230424/1026161465175842944.jpg', 'https://d040779c2cd49.cdn.sohucs.com/s_v4_4ab/pic/20230424/1026161465263923456.jpg', 'https://d040779c2cd49.cdn.sohucs.com/s_v4_4ab/pic/20230424/1026161465377169664.jpg']",[]
1026016009854859520	,阿白5787,女,理工男  智性恋  家人们  谁懂呀[大哭][大哭],2023-04-24 00:01:14,3297,10,[],"[('狐友168206552359800', '呃，理工男很多都臭臭的，，，'), ('Alexander_lgln', '本intj想试试[嘿嘿]'), ('cuber子衿', 'dd'), ('123456esztgv', '真的谈一个你就受不了了 情绪价值约等于0'), ('椰青', '[六六六][六六六]')]"
1026015228443440896	,纠结的岳不群,男,询问一下北航男生，男生会因为学业忙碌而放弃喜欢的人吗？,2023-04-23 23:58:08,4247,70,[],"[('无私的史火龙', '会的，感觉我室友的女朋友就把他抛弃了[嘿嘿]'), ('机敏的段正明', '6系的课业压力确实可以做到让人根本没有喘息的时间...[大哭]'), ('率直的裘千尺', '你要说因为喜欢的人放弃学业可能会更合理一点儿[棒]'), ('稳健的玄难', '北航男生，倒是被对面因为这个理由放弃了......'), ('质朴的拖雷', '若你向往爱情 那我会祝愿你在以后的生活里遇见良人 你是最棒的！要相信自己！'), ('质朴的拖雷', '不论什么时候 都该把自己放到第一位 世事无常 更不用说易变的人心与一吹即散的爱情 我们该有随时做好面对风暴的准备 不论什么时候 都要完整脱身 不要让自己受到伤害'), ('质朴的拖雷', '宝贝 我希望你能知道 你不该用“被放弃了”来定义自己 当一个男生想离开你的时候 总会有你的想不到的理由 不该太相信也不该太依赖一个人 当爱情中的天平开始倾斜的时候 我希望你能清醒的意识到 你是值得被爱的 是值得被人用心对待的'), ('无私的范遥', '我感觉不会，如果真的相爱，好好沟通，女生会理解的，尤其是航的男生，学业繁忙很正常啊，尽量在其他地方人她感受到被爱，被在意就好了呀，两情若是长久时，又岂在朝朝暮暮！[蹭心]'), ('谦虚的定逸', '我觉得这个答案并不是二元对立的会或不会'), ('虚弱的空性', '可能看性格？女生也有可能会这样吧，我觉得我还蛮恋爱脑的，但这是在不影响对自己的规划的前提下，就如果爱情让我的生活一团乱麻影响到了我的学习和工作那肯定要及时止损吧…')]"
1026011878746437504	,神经蛙6575,男,有什么给还没有谈恋爱的人的建议吗？,2023-04-23 23:44:49,2842,10,[],"[('失眠飞行飞行', '别太相信一见钟情'), ('仙舟罗浮在逃琼玉牌', '不要和不喜欢的人谈'), ('狐友166480774209200', '别谈，单身多爽'), ('哄哄6834', '多练提肛'), ('战狼冷锋', '快去谈'), ('bulletdiamond', '别谈恋爱，会变得不幸')]"
1025978540274956800	,狐友167586949962605,女,有没有一起去4.29电音节的姐妹呀？带我一个[猫],2023-04-23 21:32:20,2180,1,[],"[('一日之计在于陈', '也带我一个')]"
1025951792439179904	,狐友168225001318806,女,真的感觉自己受到的限制太多了，有很多真实想法我不能表达。感觉压抑自己了好久好久，真的好难受，一遍遍用学习逃避，但一段时间之后就会感觉压抑。我也不知道为什么会变成这个样子，原来那个敢说敢做，勇敢的自己去哪了呢？好想遇到一个彼此喜欢互相陪伴的人啊，难道谈一段缓慢又真心的恋爱这么难吗？,2023-04-23 19:46:03,2640,5,[],"[('边缘行者--', '可以交流一下，我最近也有同样的感觉'), ('44441', '你也不说有哪些真实想法，让别人怎么听你啊[捂脸]'), ('战狼冷锋', '您看我行吗'), ('木鱼没有鱼', '赞同楼上的观点，也许你需要的并不是一段恋爱，而是需要一个能倾听你声音的人。你找一下舍友？也可以去结交一些新的朋友，也不一定非要一个对象[棒]'), ('狐友168235607238205', '这种情况感觉还是缺乏你能以及能和你分享的人，男的女的都可以。每次开始学习看一眼手机，嗯没人回消息；学习结束看一眼手机，嗯，还是没人回消息，然后就会觉得自己活的很没意义......')]"
1025949180985817472	,狐友166480774209200,男,表白昨天校羽毛球团体赛中5系的女单小姐姐，好可爱[比心],2023-04-23 19:35:41,3139,0,['https://d040779c2cd49.cdn.sohucs.com/s_mini/pic/20230423/1025949107308470400.jpg'],[]
1025661783534417536	,悲伤的武敦儒,女,我没力气干一切事只想躺着，偶尔想想嗑别人的糖或者听说谁喜欢我心情能稍微好点。时间为什么不能停住，总觉得再爱我的人也会受不了我离开吧。好想发疯好想躺平好想对世界怒吼或者逃走……带我走好不好，去哪都行只要不在这个环境里……甚至有希望意外发生，毕竟新主楼是不敢上去的,2023-04-23 00:33:40,3849,11,[],"[('乐观的朱长龄', '抱抱 找个人聊聊天吧'), ('冲动的鲁有脚', '喵喵，抱抱'), ('强悍的朱聪', '感觉主要还是缺一个情绪的出口吧...找找大一同学，或者找找高中初中关系好的，最好形成一个固定的聊天搭子。没有情绪出口是会这样的[大哭]'), ('妖艳的朱聪', '我也不喜欢现在的环境，总想出去租房，但找不到合租舍友。极其厌恶现在的舍友，一个一个吵死了，睡不好吃不好，休息不好的人果然很容易烦躁[生气]一拳打爆这个地球'), ('固执的裘千丈', '每天想想自己拥有的，比如相对安全的环境，相对有素质的人，良好的硬件设施、资源。反思自己为何感到心累，一般由两个因素构成，一是自己之前的行为不当，那就为自己行为买单，反正过去的时间是弥补不了的，那就好好珍惜当下和未来的每分每秒；二是，大环境，人人都有难念的经，努力改变，逃离现状。'), ('热情的郭襄', '抱抱04会好的'), ('忧郁的殷离', '牛马舍友'), ('爽朗的钟灵', '陪一根[大哭]'), ('寡言的渡厄', '千万别，新主楼跳下来很疼的')]"
1025656882037208064	,神经蛙1932,男,学校附近有没有什么染烫比较好的理发店90，男生想烫个头发,2023-04-23 00:14:11,2424,0,[],[]
1025618517770319104	,踏实的彭连虎,女,找找闺蜜子 本人嘎嘎搞笑嘎嘎能聊 想找个平时可以一起聊天的小姐姐 也可以一起追剧喝酒聊八卦约饭逛街出去玩 大学没有形影不离的好朋友太孤单啦就是说[大哭][大哭],2023-04-22 21:41:44,2899,13,[],"[('质朴的玄生', 'www也是有点孤单 想交个朋友 \n微信18201394731'), ('迟钝的张君宝', '摸鱼搭子，上班猛聊，下班失踪人士可以吗'), ('专注的岳灵珊', '0199\u200d♂15是女孩子!!!'), ('伟大的杨逍', '看看我！！我也是女生'), ('贤惠的钟万仇', '性别卡的这么死嘛[大哭]'), ('豁达的裘千尺', '男闺蜜行吗')]"
1025545457998444160	,阿白1794,未知,"大家好 我又来出4.30的91学生票了[给跪了][大哭]上次说完忘看了 还有人想要吗 ",2023-04-22 16:51:26,2504,1,[],"[('阿白1794', '出掉了已经')]"
1025315385844642816	,棱尚盎,男,请问有没有二手群兼职群呀，可以拉我一下吗，有偿，五块钱一个群，联系微信18801066193,2023-04-22 01:37:12,2922,2,[],"[('呃呃呃1233', '联系我有\n')]"
1025306184938370688	,慈祥的殷离,男,明知道真的不可能了，可还是忘不掉前任该怎么办呢？,2023-04-22 01:00:38,3249,10,[],"[('乐观的朱长龄', '只是时间问题而已 找新的会加速进程'), ('强悍的朱聪', '试最后一次，成就成了，不成就一定要说服自己放弃吧。'), ('保守的包惜弱', '找到新欢，自然就放下过去的人了'), ('爽朗的钟灵', '再找一个[大哭]我也恋爱脑之前根本走不出来，我都想从山东来北航找他了，但是发现没必要。时间会让你走出来的，我们都会幸福的小宝~'), ('靓丽的阿紫', '找新的，搞点刺激的'), ('无私的裘千仞', '前任就该像死了一样'), ('磊落的殷离', 'y一下')]"
1025279647413384448	,狐友168208999192302,未知,请问学院路家属区有没有可供短期出租的屋子，只租五一假期这几天的~,2023-04-21 23:15:11,2486,0,[],[]
1025250711241438336	,狐友166782671372105,未知,,2023-04-21 21:20:12,2873,0,['https://d040779c2cd49.cdn.sohucs.com/s_mini/pic/20230421/1025250702873600128.jpg'],[]
1025210550021469440	,卖室友小助手,男,"90昵称：王姝然
99性别：女生
92来自：南方
93学校/专业：已上班
7099年龄/年级：27
99TA的介绍：27岁，女，水瓶座，intj，165/47，在南方长大的东北人，普通985本，互联网产品经理。
78对另一半的期望：弟弟、腹肌、帅哥
上来就发照片，我比较俗！
",2023-04-21 18:40:37,3973,1,['https://d040779c2cd49.cdn.sohucs.com/s_v3_1_h_z/pic/20230421/1025210518144557440.jpeg'],"[('狐友166769753191307', '啊啊啊啊')]"
1025128273690178432	,刘福娃,女,我说我出女团未拆专辑 50-150都有 可以选购 打包侠 打包的严严实实的还会送小礼物 自留或者送朋友都很合适0506有意购买请加v：fantasticfua,2023-04-21 13:13:41,2920,0,"['https://d040779c2cd49.cdn.sohucs.com/s_v4_4c/pic/20230421/1025127881082151168.jpg', 'https://d040779c2cd49.cdn.sohucs.com/s_v4_4c/pic/20230421/1025127897695789312.jpg', 'https://d040779c2cd49.cdn.sohucs.com/s_v4_4c/pic/20230421/1025127898496901504.jpg', 'https://d040779c2cd49.cdn.sohucs.com/s_v4_4c/pic/20230421/1025127904259875200.jpg']",[]
1025091672666748288	,豆小包6172,男,沙河，出校歌赛决赛门票，有事去不了了,2023-04-21 10:48:15,2920,2,[],"[('已注销', '此评论已删除')]"
1025080927807813120	,狐友167815067133301,男,"吐槽今早校园东路上的一辆奔驰车主
nmd路口加速还超车(超的前面一辆三轮)
直接给我骑自行车转弯的时候别到侧滑出去
cnm开这么快赶着去投胎啊",2023-04-21 10:05:33,3222,1,[],"[('狐友167897434364003', '去晚了宝马的冰淇淋就没了[嘿嘿]')]"
1024917214689702656	,斯文的郭芙,男,悄摸摸在这里问一下，发现自己有一点m的倾向，嗯...就是那样，还正不正常呢，本人是个男生（没脸说了都）...,2023-04-20 23:15:01,4670,25,[],"[('文雅的裘千仞', '正常，女s又不是说没有'), ('踏实的张君宝', '正常 这又不会影响生活'), ('无私的史火龙', '能接受到什么程度呢[黑线]'), ('冲动的杨过', '我也[大哭]'), ('妖艳的叶二娘', '正常，有这样倾向的还是不少的~我也有[拥抱]'), ('乐观的渡劫', '正常。（s女冷静推眼镜）'), ('冷漠的林远图', '加你呗'), ('磊落的殷离', 's联系'), ('爽朗的向问天', '建议找6系某洞主[棒]'), ('轻浮的朱长龄', '各位是直还是?')]"
1024910939830564224	,跋扈的定逸,男,对方是比我大两岁的学姐，成的希望大吗，我是大三她研二了，感觉共同话题比较少，可是她笑起来真的好甜，和她在一起就感觉很开心[大哭],2023-04-20 22:50:05,3566,3,[],"[('活泼的空性', '自信一点，我有见过学校里差三四五届的姐弟恋[嘿嘿]加油'), ('质朴的殷离', '挺好的呀。在一起就很开心不用非得找话题啊，了解多了自然话题就有了。')]"
1024904740657640832	,黑桃四一九,男,"捞一个五月一号上午十点半到北京南站的拼车友～
本人在沙河校区，学院路或者沙河均可",2023-04-20 22:25:27,2479,0,[],[]
1024856753109677568	,狐友166815087906400,男,lolm 越来越凉了 但我还是觉得很好玩啊 我航有一起玩这个游戏的么 求队友 水平大概就是宗师门槛 求友友们组队,2023-04-20 19:14:46,2741,3,['https://d040779c2cd49.cdn.sohucs.com/s_v3_1_h_z/pic/20230420/1024856743072506240.jpg'],"[('abcdedg', '北航LOLm群：390271007'), ('我是一只993294', '是感觉没多少人玩了，周围在玩的一个人都没有。'), ('骆欢', '去年就弃了，巅峰时期国际服排名3000出头。')]"
1024817003900384256	,狐友1648561617658,男,"好奇会有同学需要有偿健身指导吗，本人参加过健美比赛和力量举比赛（IPL铜牌），可以教增肌，减脂，力量举技术，提供训练计划[嘿嘿]
v18510387225",2023-04-20 16:36:49,2249,9,[],"[('Arch3311', '羡慕了捏 给评论一下增增热度[色][色]'), ('狐友168222861238308', '我觉得你自己的技术还能再多打磨一下，尤其硬拉'), ('狐友168208234960704', '多少钱呀大概'), ('可爱的程旭袁', '白嫖可以吗'), ('狐友1648561617658', '接触健身7年，力量举专项训练2年，比赛成绩：体重67.85kg 深蹲175kg 卧推112.5kg 硬拉190kg[天使]')]"
1024817003900384256	,狐友1648561617658,男,"好奇会有同学需要有偿健身指导吗，本人参加过健美比赛和力量举比赛（IPL铜牌），可以教增肌，减脂，力量举技术，提供训练计划[嘿嘿]
v18510387225",2023-04-20 16:36:49,2249,9,[],"[('Arch3311', '羡慕了捏 给评论一下增增热度[色][色]'), ('狐友168222861238308', '我觉得你自己的技术还能再多打磨一下，尤其硬拉'), ('狐友168208234960704', '多少钱呀大概'), ('可爱的程旭袁', '白嫖可以吗'), ('狐友1648561617658', '接触健身7年，力量举专项训练2年，比赛成绩：体重67.85kg 深蹲175kg 卧推112.5kg 硬拉190kg[天使]')]"
1024815234545825152	,Jinchuan,男,【出live house】因有急事出两张周五晚上的蒙古杭盖乐队演出票，原价160，140出，可小刀，带价来，喜欢摇滚的朋友不要错过，电子票，链接#小程序://猫眼电影演出玩乐I电影票演唱会/rHoRsxmlZgAnogo,2023-04-20 16:29:47,1882,1,['https://d040779c2cd49.cdn.sohucs.com/s_v3_1_w_z/pic/20230420/1024815226731634816.png'],"[('华北重播', '杭盖nb')]"
1024706507943654144	,狐友166878499427703,男,"麻烦uu们帮帮填下毕设问卷吧，认真填完还有一元小红包领，内容是知乎使用调查。
感谢填完卷的兄弟姐妹0599
",2023-04-20 09:17:44,2209,0,['https://d040779c2cd49.cdn.sohucs.com/s_mini/pic/20230420/1024705969138966784.jpg'],[]
1024690345004447232	,drug_,女,有没有uu想去这个电音节啊，找个搭子一起，自己一个人去太无聊了，想去的可以找我，嘿嘿嘿！,2023-04-20 08:13:31,2277,1,['https://d040779c2cd49.cdn.sohucs.com/s_mini/pic/20230420/1024689973204361600.jpg'],"[('狐友167586949962605', '是4.29的电音节吗？我也想去')]"
1024579582168347904	,阿白2982,男,4.19晚上六弦奏响春夏乐章的女主持小姐姐真的很好看，一眼心动了，不知道有没有男朋友，想认识一下,2023-04-20 00:53:23,3204,0,[],[]
1024566211465393280	,无私的裘千仞,男,永远恨死金牛座[天使],2023-04-20 00:00:15,2479,5,[],"[('幼稚的华筝', '金牛座路过'), ('律己的林平之', '金牛座路过被踹[大哭]'), ('高贵的童百熊', '为什么[大哭]'), ('淳朴的玄难', '金牛座路过被踢[大哭]'), ('谦虚的公孙绿萼', '怎么呢[黑线]')]"
1024551914974688512	,马上有未来O_o,男,"好多人都说啊
我恋爱的时候
我觉得她特别美
是吧，分手就不美了
对……好多人在恋爱的时候吧
两个人的眼睛都是自带PS功能啊
就看它哪儿都美死了，好看死了
但是当两个人分手的时候吧
两个人的眼睛就仿佛都变成了前置摄像头一般啊……怎么拍都不好看
这个大脸啊
丑死了
是不是……",2023-04-19 23:03:26,2351,0,[],[]
1024534905654294144	,乔巴e,女,恋爱脑长出来了,2023-04-19 21:55:51,2543,2,['https://d040779c2cd49.cdn.sohucs.com/s_mini/pic/20230419/1024534891347321088.jpg'],"[('狐友166420874379107', '怎么说')]"
1024521807073588224	,15787645867248,女,有没有聊天搭子啊,2023-04-19 21:03:48,2543,6,[],"[('_秧歌star_', '聊！\n'), ('狐友168206683336502', '来啊'), ('狐友166445467916202', '[六六六]'), ('ttxy', '[六六六]'), ('狐友166790895473209', '01')]"
1024501417441965440	,狐友166456012991908,男,出全新ipad10、全新妙控键盘V：15066271102（学院路）,2023-04-19 19:42:47,2269,2,[],"[('狐友166420874379107', '多少出')]"
1024467523233592448	,oguogu,女,有无轻食饭搭子 最好女生 学院路,2023-04-19 17:28:06,2311,1,[],"[('Cvbfhjfdgj', 'vx ：18813111381一起吃！')]"
1024467311458989696	,面包圆圆圈,女,"脱单贴: 博一女，身高168，颜值普通，性格温柔开朗些，比较爱运动
希望找个同届或大一点的男生，三观合适，一起玩耍和学习，给读博生活带来一点不一样的色彩
可以私聊或加v",2023-04-19 17:27:15,4139,5,[],"[('狐友166737153350404', '跟你同届的，介意了解一下吗'), ('狐友166737153350404', '我叫毛泽侗[色][色]'), ('狐友168207451266700', '研三马上毕业的还有希望吗哈哈哈'), ('狐友167967378209006', '北航博士，哈哈哈。可以聊聊呀'), ('面包圆圆圈', '对不起写错了[大哭]是博二~ 希望有同届或大一两届的男孩子聊一下~')]"
1024465019687089792	,用户1364949,女,想问一下有没有姐妹4.29一起去草莓音乐节呀~,2023-04-19 17:18:09,1863,1,[],"[('狐友167586949962605', '我想去，姐妹看看我')]"
1024442660305449856	,狐友166782671372105,未知,怎么会有损种暂停别人洗衣机啊[呕吐],2023-04-19 15:49:18,1770,1,[],"[('狐友168189724704802', '碰到这种人真的很无语')]"
1024431087285384064	,狐友168188718130207,女,各位同学知道校医院可以洗牙嘛，具体怎么预约？,2023-04-19 15:03:19,1600,1,[],"[('努力科研ing', '可以洗，在校医院公众号里预约[棒]')]"
1024379928675825152	,犬,女,想问问5.7往生巡演有没有一起的呀～,2023-04-19 11:40:02,1900,4,['https://d040779c2cd49.cdn.sohucs.com/s_v3_1_w_z/pic/20230419/1024379453993656704.jpg'],"[('狐友168148355061708', '报名'), ('狐友168094677183805', '报名[嘿嘿]')]"
1024374864825497088	,狐友168187429033005,男,请问这位车主为什么要拔掉我正在充电的充电器呢？东门一号幢，昨晚21点33分。,2023-04-19 11:19:54,1828,6,['https://d040779c2cd49.cdn.sohucs.com/s_v3_1_h_z/pic/20230419/1024374480094372096.jpg'],"[('043317', '可能是觉得你充满了[嘿嘿]'), ('狐友168187429033005', '拔掉别人没充满的充电器，车牌应该也不怕被人拍下来'), ('桃乐丝小马孩', '哈哈哈哈哈哈 以后要捂着车牌车门了')]"
1024368175996941056	,75655854825,男,有没有周六去上海车展的uu?,2023-04-19 10:53:20,1467,0,[],[]
1024201998406464768	,淳朴的朱长龄,未知,TMD真烦 为了实习学点东西 十点下班 十一点到宿舍,2023-04-18 23:53:00,2180,2,[],"[('忧郁的殷离', '？'), ('自觉的令狐冲', '还是还不能转正，更绝')]"
1024188510690817536	,苛刻的童百熊,男,大运村有出租床铺的小姐姐吗,2023-04-18 22:59:24,1943,0,[],[]
1024172536537232384	,Olivia1895,女,咱就说，有没有会打网球的小哥哥并且愿意一练球的小伙伴呀，菜鸟毕业校友求带（可以是一起练球的都可以，因为我太菜）今天去学校学打球，遇到一个校友小哥哥(一身白色运动装）打的球速不是很快，真不错，希望下次去还能遇到，嘻嘻04,2023-04-18 21:55:56,2104,0,[],[]
1024136576529282688	,耿直的胡斐,女,有天蝎座的男生吗，可以问一下，喜欢什么类型的女生呢？或者说，有女朋友的话是什么星座的呢？谢谢大家,2023-04-18 19:33:02,2456,21,[],"[('单纯的霍都', '我是天蝎男，女朋友是天蝎女'), ('跋扈的樊一翁', '是怎么知道心动对象的星座的啊'), ('倔强的岳不群', '双鱼男[嘿嘿]，对星座不挑'), ('爽朗的向问天', ' 处女 水瓶 金牛')]"
1024135520357397760	,轻浮的陆冠英,男,北航有无桌游密室剧本杀社团或者组织呀，求拉!,2023-04-18 19:28:50,1970,10,[],"[('慵懒的段正淳', '推协欢迎你[棒]')]"
1024113019128591872	,icyyy06,女,"#有偿签到 
周五上午有个课程可能需要签到
招女生 时长五分钟左右 八点到八点五分
十元[啤酒]
有意向的同学dd！
",2023-04-18 17:59:26,1875,0,[],[]
1024055445750494080	,Uukop,男,"收个电脑显示屏9515 ，学院路，24寸1080p或者27寸2k的
v18519101488",2023-04-18 14:10:39,1742,0,[],[]
1024046255388702336	,狐友166782671372105,未知,"我他妈寝室里面有个他不睡所有人都睡不了的傻逼
现在室友在午觉，我在写作业，为了不吵到他们我鼠标都没用，用的触摸屏
那个逼他妈在床上躺了一会睡不着，就起来了，旁若无人的抱怨。然后哐当哐当的拿东西开门出去，完全没有注意其他人休息的意思
真的无语",2023-04-18 13:34:08,2390,4,[],"[('模板7444', '牛马舍友多的是'), ('狐友166875874884301', '[黑线]'), ('狐友166782671372105', '晚上睡觉也是的，他身上跟你妈长了刺一样，一直翻身，翻身无可厚非，但动作也不知道放轻并且一直翻，嘴巴里还必须配套哼哼唧唧的声音真的很烦[生气]'), ('狐友166782671372105', '我要是出声提醒，又会吵到休息的人，真的烦')]"
1023840151811601408	,耿筱格怎么做到的,男,耿筱格，21级材料专硕，被她彻彻底底的欺骗的一年，每当她听到类似于“姐妹，咱们只是犯了一个很多人都会犯的错误，不必自责”的话时，她会受到很大的安慰，有更坚定的信念不道歉，觉得欺骗别人一年的感情，和无数北航男孩子搞暧昧是没有问题的，她一直想骗过自己。微博TIMEYYYuu和蓝色的竹林梦  可查看具体内容,2023-04-17 23:55:09,3597,1,['https://d040779c2cd49.cdn.sohucs.com/s_mini/pic/20230417/1023840145297645824.jpg'],"[('模板7444', '哈哈哈 就爱看这个')]"
1023839237600130304	,耿筱格怎么做到的,男,耿筱格，21级材料专硕，现在回想起来被她彻彻底底的欺骗的一年，也是无尽的恶心，每当她听到类似于“姐妹，咱们只是犯了一个很多人都会犯的错误，不必自责”的话时，她会受到很大的安慰，有更坚定的信念不道歉，觉得欺骗别人一年的感情，和无数北航男孩子搞暧昧是没有问题的，她企图骗过自己，也是挺煎熬的。,2023-04-17 23:51:31,3446,8,['https://d040779c2cd49.cdn.sohucs.com/s_mini/pic/20230417/1023839231983755392.jpg'],"[('狐友168208234960704', '发到她导师组邮箱，北航官网随便查'), ('wenddddy', '支持曝光！不能让她伤害更多的兄弟同胞！'), ('哄哄6834', '这个人的事情不是早就有人提到吗'), ('momo1877', '你要不忘了她，这样只会越来越痛苦吧'), ('想不出啥好名字', '所以老哥，你天天到这里发这个有啥用呢，这不是解决你问题的途径')]"
1023817239268374144	,马上有未来O_o,男,"有时我们经常听到这么一句话
说，在错的时间遇到对的人
看上去这句话呀
很文艺是不是啊
实际呢
你们仔细想想
在错的时间
遇到对的人
那不就是外遇吗?",2023-04-17 22:24:06,2723,2,[],"[('bulletdiamond', '不一定，万一喜欢，但是有些其他（比如学业？）阻拦呢')]"
1023805352589866624	,仗义的定逸,女,有没有朋友想玩双人或者多人游戏的！,2023-04-17 21:36:52,2533,12,['https://d040779c2cd49.cdn.sohucs.com/s_v3_1_h_z/pic/20230417/1023805236034150528.jpg'],[]
1023776674703160960	,爱睡觉的鲨狗,男,有没有什么好看的长裙推荐，求求，女朋友最近想买，我准备送她一件，但不知道买什么比较好，预算大约500左右？[色],2023-04-17 19:42:55,2302,14,[],"[('狐友167898069241601', '茵曼家的也不错'), ('Olivia1895', '好男友'), ('匿名的小动物', '淘宝  花绮鹿  还有  summerpark'), ('913197', 'sincethen从那以后 裙子都很仙很适合夏天06建议根据你对象身高挑挑合适的长度 到膝盖以上还是以下）'), ('巧克力豆麻薯', 'tb：小丽，天使爱美丽。'), ('狐友166989301583100', '可以看看淘宝彼得潘大叔这家店')]"
1023660227687560064	,sean272,女,有无25fall想申英港新or欧陆（比如荷兰）的姐妹哇，准备半diy所以想认识一些可以交流雅思学习、申请相关讯息的友友～能变成学习小组这样的就更好了！,2023-04-17 12:00:12,2567,9,[],"[('DICKES844512346', '不是姐妹可以吗[捂脸]也是25fall考虑港新欧陆'), ('骆欢', '申港新吧，英欧陆这几年经济发展形势不会太好。')]"
1023488259302569344	,跋扈的樊一翁,女,随便来个帅哥，告诉我你的理想型是什么（具体一点）求求了[大哭]这对我来说很重要,2023-04-17 00:36:51,3828,24,[],"[('强悍的慕容博', '不打拳'), ('无私的史火龙', '1、不论比起什么，最重要的是重视未来的可能性。希望能以成为总师级别人物为目标来锻炼自己。\n2、有胆量。就算是没有复习，也能够和我一起去考试的人。\n3、和我一样，不是在首都而是在小城市长大的人。\n4、年纪比我小，因为这样好被我支配。\n5、最好是拥有纯洁笑容的人。[嘿嘿]'), ('忧郁的殷离', '笑死了 你们是帅哥吗 还是牛马男大学生？'), ('高贵的丛不弃', '热爱生活'), ('浮躁的彭连虎', '宋慧乔'), ('律己的胡斐', '我认识的帅哥都喜欢漂亮身材好的'), ('滑稽的赵敏', '不是帅哥[大哭]'), ('幼稚的裘千仞', '灵魂伴侣。具体的话希望能了解一些女性主义，对感情坚定、对未来有明确规划，有艺术追求，喜欢书影音，快乐不是来源于抖音等下沉的app。外貌和身高其实都无所谓，咱不是和皮囊谈恋爱'), ('自觉的俞连舟', '真爱'), ('倔强的岳不群', '三观一致')]"
1023464387639456896	,马上有未来O_o,男,"今天看到一句话
属实是戳到我了
说
比起穷这个弱点来
丑，简直是不值一提啊……
太难了989898
有没有同感啊……",2023-04-16 23:02:00,3590,10,['https://d040779c2cd49.cdn.sohucs.com/s_mini/pic/20230416/1023464375714848896.jpg'],"[('狐友1647835438400', '像我这种又丑又穷又矮的人，早已经看淡这一切了09'), ('狐友168156213112000', '同感'), ('狐友167808191051303', '在努力赚钱。'), ('035264', '确实，没钱真不行[大哭]'), ('骆欢', '我摸了摸口袋里的饭卡，那就是我不被饿死的倚仗'), ('狐友166989301583100', '觉得丑更可怕，穷还可以赚钱，丑完全就是基因不行吧……（重大事故毁容不算）')]"
1023445478651671808	,有-趣的灵魂-,男,我微信用不了、谁卖我一个,2023-04-16 21:46:51,2653,0,[],[]
1023402791210792448	,向着太阳1621,女,脱单贴，坐标学院路，博一女，身高169，性格开朗活泼，颜值中等，希望找个性格合适，相互扶持，一起进步的有缘人。感兴趣的欢迎加微信：,2023-04-16 18:57:14,3991,6,[],"[('狐友166775259531409', '微信呢'), ('狐友168174039956906', '微信没呀[大哭]'), ('狐友167967378209006', '北航博四啦，可以一起进步呀'), ('狐友168166061778907', '让我来[色]'), ('向着太阳1621', '私聊'), ('狐友166420874379107', '微信呢')]"
1023296269151581696	,44441,男,"撞衫了
好消息：不是身上穿的这件
坏消息：是昨天才拆封的那件010101",2023-04-16 11:53:57,2278,2,[],"[('狐友168182423697801', '哈哈哈哈哈可以退哇！'), ('bulletdiamond', '哈哈哈哈哈蚌埠住了')]"
1023099206694548608	,马上有未来O_o,男,"对于一向减肥的人来说
它的作用是非常强大的
举个例子啊
比如说你每天早上起床之后
你对着你们家镜子疯狂地大喊上十遍，我是瘦子
我是瘦子我是瘦子我是瘦子我是瘦子……
然后坚持一个礼拜，你们家的镜子就会觉得你特M不要脸
怎么还有这么脸皮厚的人呢
都装不下你了，还说自己瘦子
我都替你感到耻辱
……弱94",2023-04-15 22:50:54,2380,0,['https://d040779c2cd49.cdn.sohucs.com/s_mini/pic/20230415/1023099194497310976.jpg'],[]
1023069498619672192	,阿白4781,女,"找一个旅游搭子（仅女大学生，本人女
朋友们想去的地方和我不一样
目标：黄山-宏村-西递
4月28号上午出发（7：30那趟）
预算：2k-3k（住宿环境有一定要求）
不喜欢打卡式旅行，本人不太喜欢拍照，但很乐意帮你拍照（技术一般）
QQ：3516620083",2023-04-15 20:52:51,2503,1,[],"[('illusion4847', '感觉可以错峰，51人太多了')]"
1023065774526510720	,苛刻的童百熊,男,有要记录春天的UU吗，有需要的可以联系，校外拍也行,2023-04-15 20:38:03,2530,0,"['https://d040779c2cd49.cdn.sohucs.com/s_v4_4a/pic/20230415/1023065756037816576.jpg', 'https://d040779c2cd49.cdn.sohucs.com/s_v4_4ab/pic/20230415/1023065756696322176.jpg', 'https://d040779c2cd49.cdn.sohucs.com/s_v4_4ab/pic/20230415/1023065757312884992.jpg', 'https://d040779c2cd49.cdn.sohucs.com/s_v4_4ab/pic/20230415/1023065757728120960.jpg']",[]
1023048669253022592	,狐友167749981010002,男,请问有人可以有偿出租大运村（或许校内也许？）的床位嘛？本人男，去年北航本科毕业现来北京短期工作（身份可验）。不打呼噜不磨牙睡觉戴耳塞眼罩，作息规律（上班铁定规律）。,2023-04-15 19:30:05,1691,0,[],[]
1023000116849750912	,狐友168154655284102,未知,请问有4.22去看GIN《时光流转》指弹专场的盆友吗！[棒],2023-04-15 16:17:09,2067,0,[],[]
1022735208346235904	,狐友166420874379107,未知,校医院眼科可以验光吗，想换眼镜,2023-04-14 22:44:30,1902,0,[],[]
1022721354782422656	,Yong9746,未知,想在家属院租房，长期，请问有渠道的吗,2023-04-14 21:49:27,1844,0,[],[]
1022710285879948416	,马上有未来O_o,男,"以前和同学一块儿去吃必胜客
当时点了一个十二寸的披萨
结果没了，服务员说要么点两个六寸的吧一样的
一听这话，我那同学说一样？
来…咱们算一算，圆的面积是派r方，十二寸p三是3.14*6乘以六，两个六寸的是3.14*3乘以三乘以二
四个六寸的才等于一个十二寸的
啊?…妹子当场懵87，经理～我这个……你来解决一下吧",2023-04-14 21:05:28,2301,0,['https://d040779c2cd49.cdn.sohucs.com/s_mini/pic/20230414/1022710260680368384.jpg'],[]
1022679712247526528	,啦啦啦啦lo,男,请问一下已经毕业的研究生学长学姐，北京落户之类的，关于双一流专业，专硕能算双一流专业吗,2023-04-14 19:03:59,2201,9,[],"[('狐友166747848004506', '这个我们可太熟悉了 可以申请调整的，要全系有需求的统一申请变更'), ('hallen-', '可能是看双一流大类专业的代码   如果你现在的专业代码前4位数和双一流大类专业一样，八成可以落户的'), ('狐友168083778339801', '只要专业是双一流专业，专硕学硕都一样。但不是所有公司都能帮你落户，只有具备资格的高新技术企业才可以，就观察来看，是税收达到要求的企业，当然编制内貌似大部分是可以落。简单来说，初面问hr他们公司有没有这个资格。'), ('狐友166420874379107', '看你学位证上专业，直接问hr')]"
1022667012092146560	,狐友167773133933007,男,想找个饭搭子，坐标沙河，qq1225302640,2023-04-14 18:13:31,1828,0,[],[]
1022653947455943680	,abcbac,男,有没有uu可以短期租不用的ios设备的[色][色]急！坐标学院路，大概租一个星期左右，价格好说[大哭],2023-04-14 17:21:36,1773,3,[],[]
1022646571164185984	,狐友168145644382205,男,4月13号晚上9点40左右三楼图书馆送了我一份字帖一样的玩笑纸条（疯狂星期四 KFCvivo50）和一份草莓味夹心软糖的同学，你可真是相当有趣的人呀，能不能认识一下？我的微信号是Re_wab_charl,2023-04-14 16:52:17,2682,0,[],[]
1022640704595375232	,带香芋派,男,请问沙河附近哪里有不错的美甲店9799呀？,2023-04-14 16:28:58,1496,0,[],[]
1022619759008757248	,884899,女,出4.20 19:30 天桥牡丹亭 99r,2023-04-14 15:05:45,1385,4,[],"[('发展体育运动', '是青春版的吗')]"
1022587871300892160	,狐友168144827144902,男,【求问】已经毕业的22届学生留学学校要求在中英文成绩单的信封上盖章，但档案馆那边不给盖，想问一下大家是怎么解决的？留学学校要求封口盖教务处的章，有人知道北航教务处电话吗？学校现在校外人能进去吗？谢谢大家,2023-04-14 12:59:02,1602,1,[],"[('狐友168156213112000', '校友可以进校！北航校友小程序上申请校友卡就可以进来了')]"
1022561196022379392	,zxcvbnm26,男,"想帮我一个朋友找对象，女生，bnu 研究生二年级，身高172，东北人嘎嘎好，希望找一个好相处的男生[心][心]最好个子高一点～
微信号15140586716",2023-04-14 11:13:02,1811,2,[],"[('75655854825', 'Buaa研一的东北银路过[嘿嘿]'), ('和你坠入爱河', '本科男生可以吗？')]"
1022374339733042432	,果断的郭襄,女,E人想找小伙伴，可以一起分享日常，吐槽，谈谈兴趣爱好理想 互相鼓励 可当树洞 有意向的小伙伴加我QQ：2748454185 [蹭心],2023-04-13 22:50:32,1977,0,[],[]
1022325291357516672	,马上有未来O_o,男,"记得以前上数学课
教室里边儿飞进一只蜜蜂
当时数学老师就说
来来…看见没有…蜜蜂啊
现在就是检验你们
谁是祖国花朵的时候了
说完神奇的一幕发生了…
这个蜜蜂啊
落到了我们老师的头上了
当时我们老师正美着呢
坐在第一排的同学蹭站起来
老师，你看错了
那不是蜜蜂是苍蝇
苍蝇喜欢吃…
老师，你是个奥利给吗",2023-04-13 19:35:38,2070,0,['https://d040779c2cd49.cdn.sohucs.com/s_mini/pic/20230413/1022323307849982080.jpg'],[]
1022315117502740096	,狐友168138325908302,男,请问有人出租大运村床位嘛，有偿，本人本科北航学生可提供身份证明,2023-04-13 18:55:12,1408,3,[],"[('wry4116', '打呼噜吗')]"
1021976460971423104	,狐友168130250970007,未知,有沙河校区28号早上7点出发去北京西站的吗，可以一起拼的士的,2023-04-12 20:29:30,2084,0,[],[]
1021961344720778112	,咩咩快跑,女,"招聘北航（沙河校区）校园配送宿舍楼宣传同学：
报酬：1栋楼50元 +每个进群同学*1元
总计：课余1～2小时可获得100～200的报酬。

楼栋宣传的自由度非常高，回宿舍睡前摸鱼的时间就行，不占用大家学习时间。感兴趣联系vx：
myy26002030",2023-04-12 19:29:26,2067,0,[],[]
1021853560742294656	,狐友166775259531409,男,捞一个周三中午在学二食堂失物招领处取水杯的女生，我是当时的值班学生，后悔当时没要联系方式，希望可以认识一下[棒],2023-04-12 12:21:09,2000,0,[],[]
1021548849048793856	,Roy_wcm,男,"有没有同学4月28号搭火车z21从北京到兰州呀？想一起买票包一个软卧车厢，目前三缺一（两个女生一个男生），路上可以一起打打桌游，或者做自己的事也可
可以加微信wyx2063959711",2023-04-11 16:10:20,2789,4,[],"[('骆欢', '咋不等夏天去  现在去感觉还有点荒凉'), ('Roy_wcm', '我们三个去甘肃旅游'), ('战狼冷锋', '干啥去呀[大哭]'), ('Roy_wcm', '同伴三个人都是在读的大学生')]"
1021547605504767232	,张方钊,男,丢了一支华为平板的触控笔，应该是在西区负一自习室或者教室…求帮助,2023-04-11 16:05:23,2538,0,[],[]
1021540416476099328	,狐友166775259531409,男,脱单帖，北航研一在读，坐标大运村，180，65，颜值中上，有点社恐，熟悉了就还好，喜欢阅读，音乐，诗词歌赋，偶尔玩玩端游，桌游，最近有去吉格锻炼(新手菜鸡)，想找个学院路的对象，最好以后能去一个城市，留个Q1040089777,2023-04-11 15:36:49,3516,0,[],[]
1021520993962897664	,狐友167618141300405,女,丢了一个帆布包还有一本书，帆布包上写的UTS 是脏脏的颜色，书是紫色的，有人看到的话麻烦联系18612062866，十分感谢，包是在悉尼交流时候的，很喜欢,2023-04-11 14:19:39,2220,0,['https://d040779c2cd49.cdn.sohucs.com/s_v3_1_w_z/pic/20230411/1021520805525201024.jpg'],[]
1021460747785547904	,狐友167871021075406,男,infj想遇到一个真诚的伙伴，可以无所顾忌的谈论宇宙，哲学，心理学，社科，人文，历史，理工，甚至可以说出内心最不可告人的秘密，包容与理解。从理想聊到生活，旅行见闻，兴趣爱好，还有可爱的猫猫。,2023-04-11 10:20:15,2427,3,[],"[('和你坠入爱河', '第一天他和我交流哲学，谈到了余华，老舍，鲁迅，第二天“看看腿”'), ('horror', '我家猫吃饭跟铲土机似的。'), ('妮妮酱96', '同想同想！！好想有人可以交流思想！！')]"
1021318044015866112	,骆欢,男,"大家好，这是一个脱单贴。
本人男，坐标大运村，颜值抗打，为人靠谱，性格古灵精怪，爱好五花八门，比较受欢迎的类型，但选择另一半的时候比较谨慎慢热，所以从初中开始就一直单身了（长久的陪伴往往不如别人一句突如其来的表白，关键每每输给不如自己但是很会装样子的人就很心碎)。想在墙墙上蹲一个奇迹。要求附后:",2023-04-11 00:53:12,3766,20,[],"[('骆欢', '统一回复:暂时敲定了线下见面啦。看下周我是哭是笑hh，抱歉啦各位。'), ('lmlljhgtredf', '被两个人加了后一个还好，还有一个有点油腻'), ('狐友166782671372105', '太恐怖了留小号'), ('骆欢', '大家注意墙墙是没有实名认证的啊，所以千万不要在线透露自己的个人信息，建议大家可以私聊发消息然后约线下见面，祝好!'), ('骆欢', '如果我成功了我希望走过路过的人都能够分享到好运气，大家能静下心来慢慢谈场恋爱，结婚生子幸福一生。如果我失败的话，也希望是为将来的生活积功积德，让因迷路而迟到的她记得回家。\n此致，祝好!'), ('骆欢', '希望你是一个大四及以上的女孩子吧（太小了我怕你嫌弃我)，有点好看（抱歉我是颜控hh)。你可以或文静或可爱，你可以爱哭爱闹，但我希望你能待我真诚。而且，我是一个特别讲究缘分且信命的人，如果我认定你那上面的标准都可以无视。我可以陪你去浪去闹去掀翻世界，但我希望你能相信爱情，相信奇迹。')]"
1021280856947502464	,越石赋扶风,男,有北航uu最近打算在开发区信创园附近租房的吗？可合租，本人♂，爱干净，无不良嗜好，可加微信wdy181106030,2023-04-10 22:25:25,2717,0,[],[]
1021100204776173056	,sjsj1639,男,有人转售沙航健身卡嘛？,2023-04-10 10:27:35,3039,1,[],"[('。。。2554', '我有，私聊')]"
1021099258167898240	,派派-,女,"本人女，五一打算去苏杭玩，报团四天
有无女生一起拼团的呀，相互拍照～",2023-04-10 10:23:49,3092,14,[],"[('我住在深海的大菠萝里', '姐妹，是报旅行团吗，具体是哪几天呀？'), ('狐友168114087234205', '男生可以吗'), ('狐友168094677183805', '[鬼脸][鬼脸][鬼脸]'), ('狐友168094677183805', '非要女生吗[困]'), ('horror', '报团多少钱呀')]"
1020959424845655808	,九月某一天,女,夏天来了想找一个/群减肥搭子，反正就是大家能一起运动相互鼓励督促对方这样[大哭]，本人是女生，希望对方最好是女生，男生也可以，目前还没想好方式，先捞到人再一起决定吧,2023-04-10 01:08:10,2963,22,[],"[('_秧歌star_', '俺！求群！！'), ('孤友1661120991223', '学院路 女 求群'), ('傲娇的林公子', '如果有减肥督促群记得戳我[色]'), ('Kepler-452b', '学院路女生蹲蹲[大哭]'), ('狐友168124510160608', '学院路，女，蹲蹲[色]'), ('狐友166609341602207', '学院路[色]姐妹蹲蹲'), ('狐友166410732134404', '沙河女蹲蹲'), ('oguogu', '学院路♀111111[大哭]'), ('神经蛙6575', '学院路♀蹲蹲[大哭]'), ('狐友167059628042605', '学院路♀蹲蹲')]"
1020946909495505024	,我伯糍粑,女,有没有 周二早上 早点去中山公园拍照的uu,2023-04-10 00:18:26,2109,0,[],[]
1020941202889059840	,踏实的穆念慈,女,有没有小情侣想一起去三亚旅游的，或者不是情侣也无所谓，只要你不介意我们是情侣就行。时间和规划可商量。我们脾气好，a钱快，可以一起玩游戏啥的，有意者加vx：youyuyoubuqi,2023-04-09 23:55:46,2787,15,[],"[('豁达的令狐冲', '热成傻子了，说实话'), ('务实的陆冠英', '打算什么时候去呀'), ('爽朗的向问天', '你叫我怎么不介意[大哭]')]"
1020852067461443072	,狐友167798093195502,女,"【帮前辈扩个信息】
如果最近有小伙伴，正打算找考研机构报班备考，但因为机构太多导致很难选择和识别到底哪一家是合适自己的话
我这边正好认识一位前辈，专门研究考研行业机构情况很多年，可以【免费】根据个人的报班诉求，分析筛选有合适产品的考研机构，如果有需要的同学，可以跟我说一声，我可以帮忙预约下",2023-04-09 18:01:34,2684,1,[],"[('狐友168117072435108', '你好')]"
1020846271721844096	,耿筱格怎么做到的,男,耿筱格，21级材料专硕，现在回想起来被她彻彻底底的欺骗的一年，也是无尽的恶心，每当她听到类似于“姐妹，咱们只是犯了一个很多人都会犯的错误，不必自责”的话时，她会受到很大的安慰，有更坚定的信念不道歉，觉得欺骗别人一年的感情，和无数北航男孩子搞暧昧是没有问题的，她企图骗过自己，也是挺煎熬的。,2023-04-09 17:38:32,3414,1,['https://d040779c2cd49.cdn.sohucs.com/s_mini/pic/20230409/1020844929988960512.jpg'],"[('狐友168010027248106', '渣航渣女多，渣女男友一火车[六六六]')]"
1020830524140368256	,别开腔-自己人,女,uu们有时间的话帮忙填一下呗，朋友的问卷,2023-04-09 16:35:58,2312,0,['https://d040779c2cd49.cdn.sohucs.com/s_mini/pic/20230409/1020830523297112192'],[]
1020821289079878016	,司空运029,男,有用过珠海运控PSDA驱动器的uu吗，求请教[捂脸],2023-04-09 15:59:16,1683,0,[],[]
1020810125583265280	,匿名31415926,女,家人们有想要兼职的嘛，需要大三大四英语好的[棒]最好是学经管的[色],2023-04-09 15:14:54,1647,2,[],"[('骆欢', '日薪多少，需要去缅甸转机吗')]"
1020589784642564480	,欢乐马8212,女,有染发比较靠谱的tony嘛,2023-04-09 00:39:21,1903,1,[],"[('Hugh-Williams', '蹲蹲')]"
1020534855605366528	,狐友167586949962605,女,想找个女生周末出去玩一起拍照，感觉春天都快过去了，还没怎么出去玩过，互相拍美美的照片啊，评论或者私信我呀,2023-04-08 21:01:05,2444,2,[],"[('狐友168100261270408', '想去中山公园'), ('5818', '79')]"
1020528469257433216	,狐友166547489761203,男,坐标学院路。超喜欢踢球，但没有系统学习、训练过，所以实际上不怎么会踢，几个学期的体育课都选的足球，但也没啥涨进[大哭]想知道有什么方便的地方适合我这种半零基础的成年人系统地学足球吗？感谢大家的意见[棒],2023-04-08 20:35:42,2285,2,[],"[('return_money', '常去足球场，多踢就会变强')]"
1020449781874635008	,五条悟(网课限定摸鱼版),女,本人中传女生，想明天或者周末有空去学院路看看北航，想找个北航人一起玩(最好是女生) 以后也可以当搭子一起出门玩，我有相机可以给你拍美美照片，我也可以领你来中传玩，我脾气超好的，vx:yc1412790586,2023-04-08 15:23:02,3126,2,[],"[('骆欢', '15号我可以'), ('狐友167586949962605', '我来')]"
1020404411861773824	,狐友168092766847605,未知,求问大家都是怎么找到对象的啊 感觉平时生活中很少会经常接触哪个男生,2023-04-08 12:22:45,3600,21,[],"[('huyoux', '看上了就主动出击啊'), ('post-apocalypse', '我也想知道 接触不到男生捏/悲'), ('狐友166775259531409', '这边男生也是接触不到女生[大哭]'), ('对手离奇死亡', '天天坐在宿舍里，等入室抢劫的爱情[大哭]'), ('QQ捏捏咩噗', '笑死不接触咋找，有对象的都是接触的呗'), ('狐友167360602412709', '男生都想找npy，女生都想找npy，两拨人各找各的互不打扰[大哭]'), ('3634677', '这边建议直接点开我的头像私聊[猫][猫][猫]'), ('\ue048', '和舍友内部消化了[棒]'), ('厄冬', 'i人没办法，等e人认领[大哭]'), ('狐友166921321444804', '[大哭]我男生平时生活中也接触不了女生。')]"
1020225468131126656	,9天之约,男,"毕业快一年，毕业时选择了互联网行业
认识了一个清华女生，同年毕业也在互联网行业
在一起半年后感觉由于现在工作上双方都比较忙
平时的交流也没有最开始认识时那么亲密了[大哭]
友友们这种情况有遇到的吗，麻烦开导开导我叭[捂脸]",2023-04-08 00:31:41,4058,4,[],"[('厄冬', '嗐，又不是对象，不亲密就不亲密呗。要不然就去追啊')]"
1020205130215271936	,咩咩快跑,女,"招募校园创业合伙人
想创业的伙伴瞧这里～
苦于不会让想法落地？缺乏创业资金？
北航沙河学姐这边有通过北京其他高校验证的项目，需要从0开始搭建，由于沙河男女比问题，学姐需要找一位靠谱的沙河男生做合伙人。
希望你外向热情，有毅力，有团队协作能力，而且有比较充足的课余时间。
感兴趣，加vx：myy26002030
",2023-04-07 23:10:52,3063,1,[],"[('咩咩快跑', '找到啦，谢谢谢谢')]"
1020144511285931776	,B6123456789,女,"想问问大家怎么处理这件事：我上学期买了一把新吉他，放寒假的时候因为不好带回去，所以给了一个可以称为朋友的、家住北京的男生保管。
但是这学期回来之后他一直没把琴给我，他说他把琴放家了，但他由于种种原因不想回家。我问过他很多次他什么时候可以拿，他都含糊其辞，或者直接不说话。
我真的不知道怎么办了",2023-04-07 19:10:00,3372,16,[],"[('乔巴e', '这是朋友吗、这是被告'), ('44441', '告诉他不还自己就生气了，生气也没用就说要报警。又不是你的问题，为啥不敢说破呢？没必要照顾这点和气，不值。如果你希望自己以后能够不要遇到这种人，或者同时也不希望别人遇到这种人，那就坚持底线，这才是最大的善良'), ('狐友168094677183805', '有没有可能跟家里闹矛盾了，雀实不想回家呢'), ('溪瑜-', '直接态度冷淡下来说开了'), ('那片银河', '京爷啊，京爷当然不差你你这把琴'), ('123456esztgv', '这是什么朋友，这是你的债务人'), ('198537254636107', '这人好怪\n'), ('狐友167958662453303', '你上他家拿去'), ('木鱼没有鱼', '麻烦一下他爸妈发过来？你自己出邮费嘛？？这种也不可以吗？'), ('75655854825', '收集证据，去法院起诉吧')]"
1020119703919734912	,狐友168085934320709,男,,2023-04-07 17:31:25,2767,0,['https://d040779c2cd49.cdn.sohucs.com/s_mini/pic/20230407/1020119687993761920.jpg'],[]
1020032156728242304	,困困很困困,女,好朋友的地偶舞台～海淀区！有想去的吗！,2023-04-07 11:43:32,2668,1,"['https://d040779c2cd49.cdn.sohucs.com/s_v4_2a/pic/20230407/1020031955430809728.jpg', 'https://d040779c2cd49.cdn.sohucs.com/s_v3_h_c/pic/20230407/1020031956483580160.jpg']","[('狐友168094677183805', '有内部折扣吗[嘿嘿]')]"
1019891347475345792	,Obsession1,男,沙河校区寻羽毛球搭子 本人纯小白 纯为了减肥每天运动运动 希望每天晚上都可以打一会 然后不嫌弃我菜的（毕竟拍子还在快递路上 真纯小白[大哭][大哭]）,2023-04-07 02:24:01,3042,0,[],[]
1019824441766654208	,狐友168078939588002,未知,求北航应征入伍已经复学的学长学姐，想咨询一些相关情况，求联系方式,2023-04-06 21:58:09,2480,0,[],[]
1019781357213266048	,阿白1794,未知,出两张草莓4.30号的学生票，有意戳我[棒],2023-04-06 19:06:57,2535,4,[],"[('Kathy_123', '求联系方式'), ('狐友166843566884901', '多少钱出')]"
1019511717740359680	,豪爽的南怀仁,男,学院路有没有健身的社团或者别的小团体啊，本人BMI26想减肥但不知道怎么做，也就只会跑跑步节节食什么的感觉效果不太好,2023-04-06 01:15:30,3444,4,[],"[('质朴的玄生', '来凌峰'), ('苛刻的武修文', '就是说呀 有嘛有嘛'), ('活泼的岳灵珊', '来凌峰吧'), ('豪爽的南怀仁', '本人男')]"
1019510128728288640	,温和的赵钱孙,女,谁懂，被劈腿了，他和新欢还过得很甜蜜，真的很痛苦[大哭][大哭][大哭],2023-04-06 01:09:11,3734,17,[],"[('虚弱的彭连虎', '想曝光渣男研二，软件工程的[大哭]'), ('柔弱的莫大', '**'), ('虚弱的纪晓芙', '这不妥妥的渣男嘛。曝光他'), ('倔强的费彬', '绿人者恒绿之'), ('律己的苗人凤', '你也找一个，秀回去'), ('娇嫩的胡一刀', '不用伤心，会分的'), ('豪爽的游坦之', '抽他去！'), ('冲动的鲁有脚', '[大哭]'), ('无邪的宁中则', '新欢知道他是劈腿和她在一起的吗，如果不知道可以提醒一下？如果知道还在一起的话，这种人走了就走了，没什么好留恋的。'), ('果断的张君宝', '新欢往往可以掩盖悲伤\n')]"
1019495990975213952	,狐友168070170682700,女,"想找新媒体艺术与设计学院的数字动画与新媒体方向的研究生学长学姐，目前对这个方向感兴趣，还想进一步了解，也想询问一些学习经验和建议，可有偿。如果可以聊聊的话感激不尽！！[心]
QQ 2901819839",2023-04-06 00:13:00,2564,0,[],[]
1019493659357425664	,从心出发5966,男,4月15日《深海》上映最后一天，欢迎想看的小伙伴来呀，有礼物还有主创到场～,2023-04-06 00:03:44,2207,0,['https://d040779c2cd49.cdn.sohucs.com/s_v3_1_w_z/pic/20230406/1019493357497360512.jpg'],[]
1019460315085221888	,狐友167711962577206,未知,有没有人出北航冬奥徽章的，QQ1213286540,2023-04-05 21:51:14,1825,0,[],[]
1019441857597484928	,狐友168069818087702,未知,"捞捞捞刚才(七点多)在昌平线上学院路站下车的男生，好想认识你
本来打算下电梯后就问你哪个学校的，你怎么转眼就不见了[大哭][大哭][大哭][大哭]
帅哥特征:骆驼的冲锋衣+哑光玫红色斜挎包+棕色工装裤+黑色口罩+高+一群帅哥朋友",2023-04-05 20:37:54,3035,0,[],[]
1019405701824589312	,狐友167530173030902,女,蹲蹲沙河平常可以一起打羽毛球的女生，最好是又会一点，但也别太会[天使]本人大一，平常课不多，真的好想提高技术[大哭],2023-04-05 18:14:14,2023,5,[],"[('狐友167879230370306', '我我我我！'), ('狐友166480001530103', '我我我\n'), ('狐友168076391551201', '大一 《课不多》 这合理吗')]"
1019363406081371648	,gghklfd,男,求北航三系考博矩阵论资料，有偿有偿！！！,2023-04-05 15:26:10,1835,0,[],[]
1019338998902108160	,辛_Meta,男,扩列！ 坐标对外经贸外院大二，男，喜欢唱歌，音乐，真诚希望认识一些北航的美女帅哥们，对德语法语欧洲文化比较感兴趣的也可以加我～vx:Chnummer22,2023-04-05 13:49:10,2371,0,[],[]
1019184840152658048	,友587158933,女,好想有个人带我减肥呀呜呜呜,2023-04-05 03:36:36,2217,11,[],"[('狐友166609341602207', '我也想呜呜呜'), ('傲娇的玉米', '+1[大哭]求个减肥搭子'), ('瘸子的好腿', '来，一起运动，加微信一起互相激励吧15241783981'), ('莱茵毛茸茸', '控制好摄入量和消耗量每天坚持下去就行'), ('awins', '我也想，要不评论区几个凑一起减肥互相监督算了[大哭]'), ('阿白5787', '我也想[大哭]'), ('狐友166376859217007', '我也想[大哭]'), ('2932', '哈哈，我也想减肥'), ('狐友166420874379107', '会游泳吗')]"
1019139885321367808	,苛刻的陆无双,女,法大昌平女生 想捞个沙河的小哥哥,2023-04-05 00:37:58,3127,14,[],"[('温柔的俞岱岩', '研一的可以吗？[嘿嘿]'), ('自卑的俞连舟', '大三的可以吗[大哭]'), ('踏实的宋长老', '可以加我Wzm13039660610'), ('胆小的朱九真', 'C15390910154北航沙河'), ('孤僻的拖雷', '01')]"
1019119875601412352	,狐友167332564060705,女,工位太吵了想买个隔音的耳机，一千以内有没有能打的耳机95 ，请大家给推荐下,2023-04-04 23:18:27,2275,3,[],"[('莱茵毛茸茸', '漫步者三百以内[嘿嘿]'), ('狐友168070708851700', '华为freebuds studio耳罩式，走淘宝渠道商，都是正品，性价比之王'), ('狐友166618723713107', 'bose qc20')]"
1019116771787092096	,战狼冷锋,男,明天没人去也没地方去玩了，可有组团的,2023-04-04 23:06:07,2131,2,[],"[('momo31225', '我')]"
1019089343572290944	,跋扈的定逸,男,本人大三男生，阳光开朗，细心有礼貌，坐标学院路，正在学习考研，想找个女生平时可以一起自习，相互监督，相互鼓励（不要求对方也是复习考研，只是希望能一起学习进步），有空的话也可以一起吃个饭，一起出去玩一玩,2023-04-04 21:17:08,2214,2,[],"[('温和的杨过', '考哪个系')]"
1019071686340980096	,狐友166558031068504,女,想问一下社团招新补录在哪里补，以及什么时候可以补录呀？,2023-04-04 20:06:58,1701,2,[],"[('狐友167332564060705', '找到你想进的社团的人，抓住问一问，没有什么好补录的，联系上组织就进去了')]"
1019012000203878656	,奇衡三6432,男,请问北航附近有没有便宜一点的单间或者大床房，独卫就行，有同学要来北京来着,2023-04-04 16:09:48,1832,2,[],"[('奔跑的赶路人_', '哈哈哈，你有找到合适的民宿或者酒店吗？'), ('2932', '沙河地铁站东边相对便宜点了[大哭]')]"
1018992547764317696	,狐友168010027248106,未知,有了解北航计算机学院许可老师的同学吗？现在还有名额吗？,2023-04-04 14:52:30,1658,0,[],[]
1018923267534302976	,折书煮酒,未知,扩列，多个朋友多条路，爱好比较广泛，本人男，帅哥美女都可以加一加，网络一线牵，珍惜这段缘。有兴趣加我v13581999458。平常可以随时找我聊聊天什么的，我也希望可以找个对象哈哈哈，遇见合适的一段也可以当个月老。,2023-04-04 10:17:12,2282,2,[],"[('Melody3987', '能给介绍美女吗[棒]')]"
1018921332089499904	,狐友166892891514805,未知,"坐标学院路 想找一位羽毛球教练系统学一下羽毛球！
请问uu们有了解和推荐的吗！（两人组团报名，能在校内就更好啦）Thanks78(11ω11)17",2023-04-04 10:09:31,1798,2,[],"[('狐友167530173030902', '[大哭]可惜我在沙河[大哭]')]"
1018771975277063936	,狐友166445395351607,女,"有无二战姐妹93想在学院路附近合租（合租一间屋子，两个床！）复习考研
可以私聊微13363306731
[蹭心]",2023-04-04 00:16:01,1797,0,[],[]
1018724620947369472	,这个TH,男,请问下咱学校6级开始报名了嘛,2023-04-03 21:07:51,2213,0,[],[]
1018719522158489472	,ldulssov,男,出,2023-04-03 20:47:36,2388,4,['https://d040779c2cd49.cdn.sohucs.com/s_v3_1_w_z/pic/20230403/1018719502403117184.jpg'],"[('狐友166782671372105', '海口[六六六]'), ('阿白5975', '多少钱出')]"
1018675502346612736	,狐友168051538091300,未知,看了下泰山天气，计划4.7号晚上爬泰山，第二天正好看日出，约搭子。最好女生～15072366452微信同号,2023-04-03 17:52:41,2046,1,[],"[('狐友166782671372105', '这边建议接着就回来然后看晚上致真书院的晚会')]"
1018575590934130688	,呜啊aaaaaa,女,北航沙河校区在哪可以收信啊有没有uu知道,2023-04-03 11:15:40,2087,4,[],"[('Plska.', '据说沙航邮局搬到4公寓楼下了，今天刚去快递驿站那问的，明天去找找。'), ('狐友167879230370306', '东区四公寓下面有个小小的信桶，不太好找')]"
1018384204377042432	,我伯糍粑,女,"哪里可以摸到毛茸茸的小狗
只有小狗能救我 
抑郁了",2023-04-02 22:35:10,2549,18,[],"[('青鱼5653', '家属区有人遛边牧'), ('狐友167294309233506', '我家有修比熊 我也想带带学校来[大哭]'), ('尹赫', '小猫可以吗[色]'), ('狐友167931912507602', '有柴犬咔，明天我计划去试试[棒]'), ('阿白5787', '我也想要[色]'), ('3634677', '还有北京有好几家狗咖 我去过哈士奇狗咖 好多哈士奇'), ('3634677', '学院路家属区这边晚上看到过有人遛狗 看过小金毛还有萨摩耶[猫][猫][猫]'), ('狐友167843414329706', '单身狗可以嘛'), ('狐友167032783904605', '我是舔狗可以吗')]"
1018378541672378624	,一颗白白,女,吵完架觉得没有发挥好，咋办,2023-04-02 22:12:40,2171,3,[],"[('狐友168094677183805', '跟他说别得瑟，找机会再吵一架'), ('狐友166592259737104', '@他，找个时间再吵！'), ('木鱼没有鱼', '站起来再抄一遍')]"
1018364666625339136	,磊落的任盈盈,女,本人法大的，今晚坐345快crush了坐在旁边的男生，在沙河站下车的不知道是不是北航的，随缘捞捞吧,2023-04-02 21:17:32,2409,8,[],"[('幼稚的华筝', '中间位置，黑色衣服'), ('幼稚的华筝', '才看到，不知道是不是我')]"
1018355428247154176	,狐友167818109431707,男,求一个法学院王永茜老师的邮箱，感谢感谢,2023-04-02 20:40:49,1803,0,[],[]
1018305153171926912	,狐友167992544818707,男,家人们，请问咱北航软件的硕士想去日本读博，签证会被卡吗？谢谢啦,2023-04-02 17:21:02,1705,1,[],"[('狐友168117072435108', '学长好，想24考研北航软件，有偿问路[嘿嘿]')]"
1018218507604798848	,石头5847,男,请问有uu在沙航操场见到这样的手链一串吗～于4.1下午在沙航操场遗失～,2023-04-02 11:36:44,1742,0,"['https://d040779c2cd49.cdn.sohucs.com/s_v4_2b/pic/20230402/1018218293963530496.jpg', 'https://d040779c2cd49.cdn.sohucs.com/s_v4_2b/pic/20230402/1018218293959336064.jpg']",[]
1018181085969985280	,阿白7187,男,坐标沙河，求购绿植，q3358086508,2023-04-02 09:08:02,1775,0,[],[]
1018041359199842048	,淳朴的朱长龄,未知,有无勇士球迷群呀，顺便捞捞有人教游泳么~,2023-04-01 23:52:49,2080,4,[],"[('豁达的裘千尺', '游泳社天天有教学活动')]"
1017991379814657920	,哈哈哈118rdj,未知,北航研0，暑假提前进组的话怎么解决住宿问题呀？,2023-04-01 20:34:13,1987,2,[],"[('狐友168044651921007', '同问  如果有租房渠道可以Q一下我'), ('hah8196', '蹲')]"
1017914019958435584	,冷静9971,男,"前沿院外校今年刚拟录取材料学硕，有没有研一研二的学长学姐可以帮助一下我呀，想咨询一下相关课题组的信息
qq:1959346265
谢谢
",2023-04-01 15:26:49,2093,0,[],[]
1017842156083294208	,狐友167941380689009,女,有周末拼车去红螺寺的同学吗,2023-04-01 10:41:15,1979,1,[],"[('狐友167941380689009', '周日')]"
1017819943636512896	,匿了腻了溺了睨了,男,可以蹲一个法学院王天华老师行评价吗？,2023-04-01 09:12:59,1911,1,[],"[('狐友168128638170300', '人品很好 学术能力一级棒 ')]"
1017668467828142464	,狐友166420874379107,未知,请教安卓nfc复制饭卡可以刷食堂吗,2023-03-31 23:11:05,2230,6,[],"[('一二的一二', '只能刷门'), ('hah8196', '当时被盗刷校园卡的钱时，我问的北航办公室和派出所，是不是有人录了我的NFC，他们说门禁可以，刷钱办不到'), ('狐友167412441072307', '可以吧\n')]"
1017636184282836352	,柯基莽莽,男,"我在某社交软件刷到个小姐姐，有些心动但是看她动态应该很久没登录了，所以来这里捞一捞，附张她主页照片，如果可以的话交个朋友qq:1027628068 ",2023-03-31 21:02:48,3060,2,['https://d040779c2cd49.cdn.sohucs.com/s_mini/pic/20230331/1017636177135542528.jpg'],"[('答答', '好像是陌陌上的[嘿嘿]')]"
1017257417618174080	,dhj3_jdj,男,有没有喜欢爬山的友友，周末约爬山呀,2023-03-30 19:57:43,3102,4,[],"[('狐友167941380689009', '我们周末去红螺寺，去吗'), ('狐友168018950607008', '凌峰社经常有爬山活动[棒]'), ('狐友167360806182007', '可以来凌峰捏[嘿嘿]'), ('狐友167849301375809', '沙河的 真的也想爬山！')]"
1017239856264458240	,狐友167954111699607,女,北航的uu们好！目前是南航大三在读的女生，想捞一个仪器与光电学院的热心学姐或学长咨询一些学院上的问题如果是工程光学专业的就更好啦，希望可以捞到，请吃饭喝奶茶都可以的！真的很想上岸北航！！！[比心][比心][比心],2023-03-30 18:47:56,2997,6,['https://d040779c2cd49.cdn.sohucs.com/s_mini/pic/20230330/1017239549631275136.jpg'],"[('狐友168022719480500', '这里，有什么想了解的吗'), ('狐友167991863279906', '17系测控的飘过'), ('狐友166592259737104', '快跑！！！'), ('狐友167954111699607', '微信号18302513815'), ('狐友167954111699607', '或者有没有好心的uu告诉我去哪里才可以更容易捞到学姐学长呢[大哭]')]"
1017239094079729536	,狐友167872003637600,男,"请问北航有那个UU宿舍有空床位出租的嘛，下半年要到北航读书，不解决住宿问题，特请租宿舍位。男性
好心的uu可帮忙转一下
WX:18112344110
QQ:1131319621
",2023-03-30 18:44:54,2135,4,['https://d040779c2cd49.cdn.sohucs.com/s_mini/pic/20230330/1017239075049971840.jpg'],"[('狐友167872003637600', '我定向的没有报住宿，你是之前录取的嘛，住宿怎么解决呀？是在外面自己租个房子吗？'), ('狐友166527784904902', '你是间谍吗，为什么没有宿舍[棒]')]"
1017231991017517056	,huyoux,女,请问大家推荐选修双学位吗？（有没有选过的uu介绍一下学双学位的感觉 比如累的程度是如何的这种的 ）想选文科大类里的专业，好像有行政管理、法学、经管、心理这几个系（外国语暂不考虑啦）这几个系我们学校比较强/比较推荐选双学位的是什么？,2023-03-30 18:16:41,1671,1,[],"[('狐友166480774209200', '文科的这些不太清楚，我修过数学，不过是叫二学位，而不是双学位，前者是和原专业有个辅主关系的，而后者是平行的，且绩点相互影响[捂脸]')]"
1017162976043675392	,狐友166456012991908,男,出全新未拆封256g 蓝色 ipad10、全新妙控键盘（学院路面交）V：15066271102,2023-03-30 13:42:26,1719,0,[],[]
1017132819320875904	,凌火zero,男,救救救，为啥孩子一感冒全身都疼，要下不来床了[大哭][大哭],2023-03-30 11:42:36,1865,3,[],"[('小王子的第44次日落_', '建议去看看中医，风寒外感，骨节疼痛，无汗都这种是很典型的麻黄汤证。不过如果感冒已经好了就没有必要了。'), ('913197', '或许有没有可能是流感 我前天也是这样 以为是普通感冒…'), ('巧克力豆麻薯', '吃点儿布洛芬吧')]"
1016913013715970560	,Gemini_1,男,泰坦尼克号重映，有一起去看的朋友吗,2023-03-29 21:09:10,2786,3,[],"[('狐友168017407898700', '想看！但是在哪里看\n')]"
1016848788477914240	,学院路周杰伦,未知,北航校医院是不是能洗牙呀 怎么个流程呢 有没有友友知道嘞,2023-03-29 16:53:58,2864,2,['https://d040779c2cd49.cdn.sohucs.com/s_v3_1_h_z/pic/20230329/1016848776452644864.jpg'],"[('bd123456', '预约挂号抢到了就可以去洗'), ('纳福福', '同问')]"
1016823915600882560	,狐友167369175754705,女,"阿里云数据库24届实习招聘

详情请见下图
咨询及投递简历请77v：15200149175",2023-03-29 15:15:08,2416,0,"['https://d040779c2cd49.cdn.sohucs.com/s_v4_3b/pic/20230329/1016823756456206336.jpg', 'https://d040779c2cd49.cdn.sohucs.com/s_v4_3ab/pic/20230329/1016823827335749504.jpg', 'https://d040779c2cd49.cdn.sohucs.com/s_v4_3ab/pic/20230329/1016823891911254016.jpg']",[]
1016809635262441856	,爱睡觉的鲨狗,男,有意愿的加一下V:Yugeee0808,2023-03-29 14:18:23,2337,0,"['https://d040779c2cd49.cdn.sohucs.com/s_v4_4a/pic/20230329/1016809571802423296.jpg', 'https://d040779c2cd49.cdn.sohucs.com/s_v4_4ab/pic/20230329/1016809619479076864.jpg', 'https://d040779c2cd49.cdn.sohucs.com/s_v4_4ab/pic/20230329/1016809620091445120.jpg', 'https://d040779c2cd49.cdn.sohucs.com/s_v4_4ab/pic/20230329/1016809620259217408.jpg']",[]
1016803498265881600	,狐友168006395388405,男,想要909090,2023-03-29 13:54:00,2417,1,[],"[('公子远', '自动贩卖机里有')]"
1016786625851763712	,狐友166524122209402,男,有没有学院路选手一起去沙河看周日校歌赛复赛的呀，第一次去沙河想找个伴，一起逛逛校园吃吃食堂,2023-03-29 12:46:57,2451,2,[],"[('狐友166782671372105', '这边没伴建议把票转给我[色][色][嘿嘿]')]"
1016731731182692992	,狐友167634336522409,男,发一条征友消息～,2023-03-29 09:08:49,3154,0,['https://d040779c2cd49.cdn.sohucs.com/s_v3_1_w_z/pic/20230329/1016731722932297600.jpg'],[]
1016589326664018432	,理智的鲁有脚,男,有大佬可以分享一下周培源力学大赛复习计划和方法吗？,2023-03-28 23:42:57,2870,0,[],[]
1016567707862248064	,友好的陆乘风,女,出一支正品阿玛尼黑管500金闪锦鲤色 未使用全新 可小刀,2023-03-28 22:17:03,2693,0,"['https://d040779c2cd49.cdn.sohucs.com/s_v4_2b/pic/20230328/1016567638857359360.jpg', 'https://d040779c2cd49.cdn.sohucs.com/s_v4_2b/pic/20230328/1016567639104823296.jpg']",[]
1016542965646175488	,狐友166523364763407,男,有没有没有uu想去看铃芽之旅啊？身边的好多朋友都看过了我本人虽然不是很资深的爱看动漫的，但是还是很喜欢这样的风格。具体时间可以商定,2023-03-28 20:38:44,1774,0,[],[]
1016455800924875264	,狐友167998525132204,女,"中国科学技术大学  保研交流群
群号（QQ）：729568001
",2023-03-28 14:52:22,1965,0,[],[]
1016430527995128320	,狐友166991363296806,女,"大三女生想找个男朋友  我还算可爱有趣 希望你真诚有趣 180左右 留个联系方式我来加你哈哈哈 ",2023-03-28 13:11:57,2713,4,['https://d040779c2cd49.cdn.sohucs.com/s_v3_1_h_z/pic/20230328/1016430512421478272.jpg'],"[('狐友168094677183805', '毕业了的可以吗'), ('swiftlyly', '北航研一的可以吗？[嘿嘿]'), ('Melody3987', '0615Diracle'), ('莱茵毛茸茸', '0615rhinefluffy')]"
1016412736080522112	,失眠飞行飞行,女,最近的花花好好看！想约个女生出去互拍，风格大概清新日系或者森系都可以～（本人新手女摄）,2023-03-28 12:01:15,2100,2,[],"[('オレンジ', '你好呀 同新手女摄 微信h1091944775'), ('狐友167586949962605', '一起去好不好，我也想拍照，哈哈哈哈')]"
1016402247510338560	,电子狗和拓麻歌兔,男,"墙 投稿 有没有人想玩乐队缺唱歌的 或者想去相约知行之类的表演想找人组队的。。。笨宝会唱一点摇滚/民谣/流行。。。想和大家一起玩玩。。。。04 ",2023-03-28 11:19:34,1950,0,[],[]
1016393332328443136	,44441,男,想问问航空航天博物馆要怎么约啊？可以请外校朋友一起吗？[天使],2023-03-28 10:44:09,1802,2,[],"[('Altitude', '在 北航校史与文博馆 公众号预约，可以带校外的')]"
1016232593047366656	,狐友166479672115908,男,有没有有意向参加美赛春季赛的uu，不限男女不限水平，有意组队的加微信SunKin623。本人大一航类，重在参与和学习，不求一定拿奖。,2023-03-28 00:05:26,1707,0,[],[]
1016159060749396608	,热情的玄痛,女,捞一个姐妹一起去！！,2023-03-27 19:13:14,2579,0,['https://d040779c2cd49.cdn.sohucs.com/s_v3_1_w_z/pic/20230327/1016159059834839040'],[]
1016134471151463040	,bulletdiamond,男,个人真的觉得铃芽之旅是我觉得新海诚电影里最好的一部01,2023-03-27 17:35:31,2019,3,['https://d040779c2cd49.cdn.sohucs.com/s_mini/pic/20230327/1016134370668322816.jpg'],"[('傲娇的林公子', '不喜欢女主，我喜欢猫猫（超大声！！！呜呜呜[大哭]'), ('windword', '没看懂，[大哭]感觉爱的好奇怪')]"
1016132998770404224	,斡大意勒,男,uu们，有谁知道健康云上的td系统是多久更新一次吗，孩子有点慌,2023-03-27 17:29:40,1787,0,[],[]
1016095847076801664	,狐友167819015498507,男,"中国信通院 云计算与大数据研究所 招聘人工智能科研实习生

详情请见下图
咨询及投递简历：wangying5@caict.ac.cn",2023-03-27 15:02:03,1737,0,"['https://d040779c2cd49.cdn.sohucs.com/s_v4_3b/pic/20230327/1016095823294898048.jpg', 'https://d040779c2cd49.cdn.sohucs.com/s_v4_3ab/pic/20230327/1016095823261343616.jpg', 'https://d040779c2cd49.cdn.sohucs.com/s_v4_3ab/pic/20230327/1016095823487836160.jpg']",[]
1016031538367900544	,封狼居胥7,未知,"各位老板 请问学院路食堂有可以扫码支付的窗口吗 
本人借贵校教室复习考研的 每天借卡麻烦同学 不太好意思了[感冒]",2023-03-27 10:46:30,1807,4,[],"[('狐友167991028905904', '蜜雪冰城旁边饭店，操场南美食苑[黑线]话说是怎么能一直呆学校的'), ('狐友166420874379107', '操场旁边美食苑')]"
1015868846671866880	,狐友166636198121807,女,多买了一张铃芽之旅的票，有没有朋友想去看，周二上午10点开始，12点多结束。,2023-03-27 00:00:02,2009,1,['https://d040779c2cd49.cdn.sohucs.com/s_mini/pic/20230326/1015868485378514816.jpg'],"[('狐友167843414329706', '这周二嘛')]"
1015797865076960128	,丰腴的费彬,男,有偿收购数字信号处理、自动控制原理、计测计控实验报告[大哭],2023-03-26 19:17:58,2515,2,[],[]
1015760567367052416	,ttxy,男,"想找个人一起玩点steam上的双人游戏...感觉最近有意思的双人游戏越来越多了。
整体来说本人小有手残，希望队友有点耐心[捂脸]
时间可能一周也就一两次？
虽然很希望是女生，但是希望有点过于渺茫，所以还是男女不限啦...
有意向的欢迎私聊[拥抱]",2023-03-26 16:49:46,2199,9,[],"[('孤友1661120991223', '我我'), ('困困很困困', '有没有双人游戏推荐呀～'), ('叶柏', '我我我哈哈'), ('043317', '黎明杀机[嘿嘿]'), ('狐友166856911211706', '0299')]"
1015733860920666880	,派派-,女,研究生怎么才能脱单啊[大哭],2023-03-26 15:03:39,2332,10,[],"[('狐友167941380689009', '女博士生没有社交，脱单也好困难'), ('傲娇的林公子', '和舍友在一起'), ('77192230', '少做实验，多做自己'), ('75655854825', '多出去参加一些活动，增加与外界交流的机会，不要把自己闷在学校里'), ('043317', '同学介绍容易一点'), ('网友狗蛋', '个人感觉得拓展社交圈哈哈哈 不主动找机会的话除非被搭讪被追 不然应该不太好脱单[大哭]'), ('狐友166592259737104', '男生研究生也不知道怎么脱单，要勇一点呐')]"
1015696716369963776	,不 你 不 想,未知,最近开春了，难得疫情结束，想找一个同样喜欢逛公园看自然风景的朋友一起去踏春。我目前研一，这学期课程比较少，时间安排上比较灵活，北京好多地方我都想去逛逛，但是可惜一直没找到同样喜欢的人。男女不限呀~感兴趣的话可以加个qq 2133828892,2023-03-26 12:36:03,2719,0,[],[]
1015466046079052160	,慵懒的公孙绿萼,男,这学期学院路TD入口刷两次是肯定不行了是吗…,2023-03-25 21:19:27,2217,0,[],[]
1015336422313503360	,狐友166365433316605,男,求沙河健身卡[色][色],2023-03-25 12:44:22,1509,0,[],[]
1015090927557094272	,狐友167360739907805,男,最近情感有点充沛，想唱歌，学校有没有比较适合的地方推荐，或者有也喜欢唱歌的uu/俱乐部之类的呢？,2023-03-24 20:28:51,2485,2,[],"[('战狼冷锋', '同找～'), ('狐友166609341602207', '阿卡贝拉社团')]"
1014967570211744128	,Sesi123,男,男，想认识女孩子，186，长得还可以，坐标沙河，交朋友，爱好广泛，可以一起打球或者看看风景,2023-03-24 12:18:41,2131,1,[],"[('Sesi123', '3135793798')]"
1014947286352079360	,9443,未知,有无同学想做兼职，今天（3.24）下午2：00在北航附小对面的曾宪梓科教楼，帮忙整理材料，15r一小时。（vx：18035099526）,2023-03-24 10:58:05,1942,0,[],[]
1014922193844514048	,狐友166429872680208,男,想和女人视频很简单有没有,2023-03-24 09:18:22,2362,0,[],[]
1014894360325728896	,糖糖美眉,女,五道口东升园公寓次卧短租2个月左右，有人需要吗？我要搬到沙河去，想尽快转租这边的房子。房子另一个卧室也是北航的学生。房间是次卧，大窗户朝东，上午阳光很好，卧室有书架衣柜书桌，有阳台晾衣服，厨房洗手间一应俱全，3300一个月，转租费我出，如果能尽快入住，可按日算。联系v kekeyun 电话 13146638789,2023-03-24 07:27:46,2324,0,"['https://d040779c2cd49.cdn.sohucs.com/s_v4_4a/pic/20230324/1014893786473439104.jpg', 'https://d040779c2cd49.cdn.sohucs.com/s_v4_4ab/pic/20230324/1014893892736130944.jpg', 'https://d040779c2cd49.cdn.sohucs.com/s_v4_4ab/pic/20230324/1014893944707751808.jpg', 'https://d040779c2cd49.cdn.sohucs.com/s_v4_4ab/pic/20230324/1014893944711946112.jpg']",[]
1014788844907866752	,gugugugu,未知,"捞捞可以一起周末短途旅行的伙伴7099
本人大二 女生 行动力强不拖沓 开放包容
希望旅伴对参观文物古迹感兴趣03男女不限
有意者可联络QQ 727869482",2023-03-24 00:28:29,1567,0,[],[]
1014701507121195648	,Olivia1895,女,想问一下，毕业了还可以在图书馆借书嘛？,2023-03-23 18:41:26,1756,0,[],[]
1014690993901087104	,llllliiiikkkkk,女,有人可以帮忙填下毕设问卷嘛 都是选择题 非常快～！,2023-03-23 17:59:40,1664,0,['https://d040779c2cd49.cdn.sohucs.com/s_v3_1_w_z/pic/20230323/1014690968063975296.jpg'],[]
1014626114137696768	,不要再依赖超级301啦,女,想问问有没有24fall或者25fall想申请英港新Finance或者Economics或相关专业的uu。一起报个团，参加比赛or互相分享资料～,2023-03-23 13:41:51,1549,0,[],[]
1014610958343154944	,狐友167954643012002,未知,有没有同学愿意做线上家教兼职的，需要化学老师。联系我：simler13578,2023-03-23 12:41:38,1747,0,[],[]
1014609001691950080	,Little淼,女,"学院路羽毛球3＝1求球友，希望有个帅的，不嫌弃菜的uu一起快乐打球，每天一小时，健康一辈子
V18813175509",2023-03-23 12:33:51,2057,4,['https://d040779c2cd49.cdn.sohucs.com/s_v3_1_h_z/pic/20230323/1014608992573333376.jpg'],"[('狐友1647835438400', '小藓钕是这样的'), ('momo9668', '不帅的行不行嘤'), ('horror', '往下翻有个呀。快联系。')]"
1014571644095769600	,匿了腻了溺了睨了,男,想问问大家咱们学校研究生英语免修的标准是什么 或者可以在哪里查到这个标准,2023-03-23 10:05:24,1986,1,[],"[('狐友166852172042600', '考研英语80\n保研\n雅思托福多少分我忘了')]"
1014411631171676928	,狐友167690630568802,男,有没有北航仪器学院的博士师兄师姐呀，想咨询一些北航考博的问题，万分感谢捞捞孩子[大哭][大哭][大哭],2023-03-22 23:29:34,2193,0,[],[]
1014396565869243392	,傲慢的童百熊,未知,礼问宇航学院的刘岳征小哥哥有npy吗，没有的话可以认识一下吗[色]音乐会上完完全全被吸引了，好帅好棒呀啊啊啊啊,2023-03-22 22:29:43,3740,12,[],"[('纠结的公孙绿萼', '没有男朋友还是没有女朋友[嘿嘿]'), ('幽默的林朝英', 'vivo50发你高清无码照片'), ('仗义的林朝英', '就在我旁边！！今晚还问他怎么不找个npy，真的应验了！！[六六六]'), ('专注的钟万仇', 'vivo50私你微信号'), ('伟大的刀白凤', '他说他是高工的\n没有速冲'), ('高贵的梅超风', '他说他没有[嘿嘿]'), ('精明的圆真', '速冲冲[嘿嘿]'), ('专注的钟万仇', '他说他没有'), ('单纯的玄慈', '没有速冲！！！'), ('柔弱的朱长龄', '没有没有没有没有没有！！！！！')]"
1014353408414657280	,狐友167695990766908,女,理工科女生，研一，想交新朋友，男生女生均可。有空可以周末一起出去玩爬山逛景点，更喜欢自然风光～QQ：2029859685。,2023-03-22 19:38:13,2810,5,[],"[('狐友167949822539903', '欢迎加凌峰社一起爬山[色]')]"
1014336976951913472	,狐友167241363919009,未知,21号傍晚17点左右在去合一楼吃饭的路上，被一个女生托人从后面叫住要微信，因为当时和朋友走在一起，第一次突然遇到这种情况有点蒙，没想好怎么应对就拒绝了，回想起来可能有点草率冷漠，如果能看见这条消息的话或许可以认识一下，先加我qq小号吧：2487855281，不想错过任何一次缘分,2023-03-22 18:32:55,2244,1,[],"[('狐友167707806092908', '加小号你真牛逼[色]')]"
1014324840842341248	,困困很困困,女,"帮朋友发帖：
对外经济贸易大学，男生，研一，身高170出头，长相偏上，喜好偏甜妹，想谈恋爱。有意向可以先作为好朋友聊聊天，联系方式评论区可求",2023-03-22 17:44:42,3361,2,[],"[('骄傲的令狐冲', '对外经贸不是女生多么[黑线]，来航找女生？')]"
1014297420626078720	,Altitude,未知,求问校医院洗牙怎么样,2023-03-22 15:55:45,1611,0,[],[]
1014294767871405184	,狐友167898069241601,女,"         躁郁症的进阶真的是双向情感障碍吗？为什么我会觉得和女生（同性）相处说话会比男生更不好意思？有没有人知道我是怎么了……
         我很想每天都有鼓励被肯定，如果可以，蹲一个灵魂好友（没有儿女情长）我们每天可以给对方准备一段鼓励的话[大哭]",2023-03-22 15:45:12,1813,5,['https://d040779c2cd49.cdn.sohucs.com/s_mini/pic/20230322/1014294654138457984.jpg'],"[('ttxy', '抱抱[拥抱]'), ('宁夏8414', '表达和相处真的很不容易！也许可以交流一下病情(bushi    v ：lzm973716945'), ('horror', '躁郁就是双向情感障碍的症状。难过的时候不要一个人，小宇宙爆发的时候建议学习。抱抱。')]"
1014284131888212480	,沁小岑,男,"华为勇敢星计划 主要面向24届 比校招多一次机会
有意联系微信:ZhuWeiichat  备注：狐友-学校-姓名-专业，通过后进群（同校招群）",2023-03-22 15:02:56,1524,0,['https://d040779c2cd49.cdn.sohucs.com/s_v3_h_c/pic/20230322/1014283489790402432.jpg'],[]
1014258806210898560	,狐友166420874379107,未知,蹲个胃口好的一起去吃必胜客自助,2023-03-22 13:22:18,1675,4,[],"[('狐友167586949962605', '我想去'), ('horror', '必胜客有自助呀？')]"
1014024986882681856	,狐友167816243990307,未知,请问沙河校区or学院路校区有无女生床位可出租～,2023-03-21 21:53:11,1864,1,[],"[('狐友168044651921007', '771  或者有没有一起合租的')]"
1014013112719976960	,试图混入匿名的匿名,未知,"想问一下大家推荐什么蓝牙耳机呀（价格100-200）,续航能力好就行,音质要求跟100左右的有线耳机类似就行3
孩子用坏俩有线耳机了,想入坑无线的[捂脸]",2023-03-21 21:06:00,1769,0,[],[]
1013981249511041920	,狐友167939621230807,未知,20号下午，丢失了一个耳机盒，内有耳机，可能丢失的地点为学院路校区的篮球场，5公寓以及楼下的优购超市，样子如图。如有捡到请联系“微信lck20020127/qq：2219251606”。谢谢05,2023-03-21 18:59:23,1896,0,['https://d040779c2cd49.cdn.sohucs.com/s_v3_1_h_z/pic/20230321/1013981230305124224.png'],[]
1013978293709515264	,哈哈哈嗝吼吼吼吼,男,"一位戴白色口罩黑框眼镜的小姐姐
21号下午六点二十在G座朝西的门口，天色渐晚，我刚欲进门，抬眼便看到了你，我怔了一下，旋即退后，让出了空间。“不好意思！”话脱口而出，却又被口罩遮至无声。你竟也站住了，看我坚定的让开了路，你鞠了一躬，说了声“谢谢！”从我身边走过。
不捞人，不打扰。只想说傍晚很美，风也温柔。",2023-03-21 18:47:39,2905,0,[],[]
1013936994914609792	,狐友166479672115908,男,大一航类想平转3系，要现在联系教务老师还是大二再联系呢？[黑线],2023-03-21 16:03:32,1589,0,[],[]
1013867627451459968	,狐友167819015498507,男,"中国信通院 云计算与大数据研究所 招聘人工智能科研实习生

详情请见下图
咨询及投递简历：wangying5@caict.ac.cn",2023-03-21 11:27:54,1707,0,"['https://d040779c2cd49.cdn.sohucs.com/s_v4_3b/pic/20230321/1013866902453231616.jpg', 'https://d040779c2cd49.cdn.sohucs.com/s_v4_3ab/pic/20230321/1013866936057995264.jpg', 'https://d040779c2cd49.cdn.sohucs.com/s_v4_3ab/pic/20230321/1013866970325458816.jpg']",[]
1013836754576419584	,21级飞院鼠鼠,男,有专卖健身卡的朋友吗[色][色],2023-03-21 09:25:13,1758,2,[],"[('。。。2554', '我有，大概还有五十天左右'), ('战狼冷锋', '同蹲[大哭]')]"
1013706102900206336	,Gemini_1,男,希望有一位网易云一起听歌的歌友,2023-03-21 00:46:03,1950,10,[],"[('阿白5787', '充黑胶了嘛[嘿嘿]'), ('Gemini_1', '听歌风格蛮杂，不过偏爱粤语流行'), ('horror', '你听民谣还是古风')]"
1013560178290927360	,狐友166432130848309,男,摄影小白，想找一个本校的摄影搭子，周末可以一起出去扫街拍风景，坐标沙河大一，感兴趣的加v：zhw1780614107,2023-03-20 15:06:12,2039,0,[],[]
1013557512999478912	,明月奴9824,男,"捞
昨晚去五棵松看北京首钢VS山东高速的一个短头发女生，穿黑色棉袄，在复兴门转2号线。
以后能一起去看球吗90",2023-03-20 14:55:37,2891,0,[],[]
1013534925133129984	,狐友167793784271708,女,"学院路百团自控那个摊儿
有个卡其色外套大黄靴的男生又帅又温柔[棒]
当时手上拿了好多东西不方便玩儿，他就接过去帮忙拿着，然后指导操作也很耐心[比心]",2023-03-20 13:25:51,2229,0,[],[]
1013314012814975488	,陆陆通,女,【失物招领】   今晚在北航学院路校区体育馆到南2门的路上丢失一个小包如图，里边有本人身份证，如有同学看见请联系我，我的微信是likikaly ，18801123513，谢谢同学!!,2023-03-19 22:48:02,1897,0,['https://d040779c2cd49.cdn.sohucs.com/s_v3_1_h_z/pic/20230319/1013313329357135872.jpg'],[]
1013313975712162048	,纠结的段延庆,男,哦原来今天是旧历生日,2023-03-19 22:47:53,2008,3,[],"[('柔弱的虚竹', '生日快乐'), ('无邪的宁中则', '生日快乐，学业顺利呀'), ('寡言的渡厄', '生日快乐！')]"
1013300144428491008	,狐友167923390221102,未知,北航学院路校区周一下午实用厨艺博雅有人出吗？[比心]有意请联系wzy17679132593,2023-03-19 21:52:55,1368,0,[],[]
1013184996149764736	,狐友166456012991908,男,出全新未拆封256g 蓝色 ipad10、全新妙控键盘（学院路面交）V：15066271102,2023-03-19 14:15:22,1593,0,[],[]
1013095702374589312	,让我再唱一遍那些童年,男,男，想认识小姐姐。脸好看，187+，性格好，北航学院路研一。爱好广泛，傻傻一枚。认识朋友，谈不谈均可,2023-03-19 08:20:33,2212,1,[],"[('让我再唱一遍那些童年', 'q197 500 4106')]"
1012947476422009216	,狐友166808372600601,未知,今天在玫瑰园大集捡到的校园卡，联系加v lmh2070064238,2023-03-18 22:31:33,2316,0,['https://d040779c2cd49.cdn.sohucs.com/s_v3_1_h_z/pic/20230318/1012947087802769408.JPG'],[]
1012944960359703424	,迟钝的郭襄,未知,想找航子的生米，感觉好难找啊01,2023-03-18 22:21:33,2830,10,['https://d040779c2cd49.cdn.sohucs.com/s_v3_1_w_z/pic/20230318/1012944940986015744.jpg'],"[('耿直的胡斐', '这可太好找了[捂脸][捂脸]我和我舍友都是hhh'), ('质朴的任我行', '举爪！！！！！'), ('柔弱的朱长龄', '不难找 我和我室友都喜欢[色]')]"
1012942871030079744	,狐友166891146518604,未知,有没有北航生米群，想找组织,2023-03-18 22:13:15,2011,3,[],"[('狐友167924026871701', 'get get,百度了[棒]'), ('狐友167924026871701', '啥是生米？')]"
1012913282136350848	,慵懒的公孙绿萼,男,学院路培训中心学生能住吗…价格如何…（有折扣吗,2023-03-18 20:15:40,2208,1,[],"[('跋扈的定逸', '同求，我也想住[大哭]')]"
1012827063415153152	,狐友167912107657005,未知,难得阳光这么好，学院路校区竟然找不到一个能靠着晒太阳的长椅[捂脸],2023-03-18 14:33:04,1704,0,[],[]
1012826066131296512	,ambyc,女,"有无看ivl和coa的uu( 119011)12 0303 ",2023-03-18 14:29:06,2164,1,['https://d040779c2cd49.cdn.sohucs.com/s_mini/pic/20230318/1012826033293893632.jpg'],"[('狐友168242966395201', 'd！')]"
1012802894556242560	,边缘行者--,男,坐标学院路，求乒乓球友[棒]我水平还可以，打了三四年了，喜欢看乒乓球赛，上学期校乒乓球赛8强，学院乒乓球赛铜牌，有没有一起打的，想学的话我也可以教你，我还是很有耐心的[嘿嘿],2023-03-18 12:57:02,2075,5,[],"[('狐友167898069241601', '修乒乓球课，会一点，暑假你能帮我刷门卡进来我们就约起[嘿嘿][嘿嘿]'), ('狐友167932629111508', '零基础的能接受吗hhhhh')]"
1012610152320409984	,健谈的段正淳,未知,想大喊，尖叫，不顾一切地大哭，找个第三方说说我很难过……,2023-03-18 00:11:08,2499,5,[],"[('妩媚的任我行', '该说就说'), ('谦虚的陈近南', '可以说出来的，现实也许没有那么伤人，真正的倾听者会保守秘密的'), ('律己的拖雷', '写日记，锁起来[嘿嘿]'), ('寡言的渡厄', '想听故事\n')]"
1012595665357972224	,TIAmo_only,男,"四系大二♂，有点细狗，想找健身搭子一起监督
还有主要是！！！最近想把京郊的山都爬一爬
特别想找个uu一起爬山锻炼身体
本人较为外向，唠嗑闲聊啥的应该不成问题
真心真心找，一个人爬山太无聊了[大哭]
QQ:212336795",2023-03-17 23:13:34,2344,2,[],"[('MasterLi', '我能加嘛[嘿嘿]')]"
1012587533101638528	,战狼冷锋,男,收张学院路阳光健身房二手卡，有意出者联系2592539649～,2023-03-17 22:41:16,2111,2,[],"[('Always With Me', '6666')]"
1012577876920443648	,豪爽的南怀仁,男,鹅鸭杀有群吗北航[大哭],2023-03-17 22:02:53,2125,3,[],"[('胆小的殷素素', '18810092095加我拉你'), ('纠结的胡青羊', '同蹲[大哭]不行楼主建个群吧'), ('果断的丁春秋', '草 同蹲[大哭][大哭]')]"
1012522521762931456	,边缘行者--,男,想问下学校里有没有中午能躺着睡觉的地方，室友中午要活动没法睡，可是中午不睡觉下午头就非常晕[大哭],2023-03-17 18:22:56,1565,1,[],"[('狐友167332564060705', '这个地方就是宿舍，室友中午不睡觉，让他/她出去闹。或者在宿舍，自备遮光帘，眼罩，耳塞，安稳入睡')]"
1012518443251081600	,狐友167463651759705,男,鹅鸭杀一起玩加824270690,2023-03-17 18:06:43,1376,0,[],[]
1012414289635648000	,狐友167896702093000,未知,（扫码查看蟹黄包秘方），希望北航的各位UU能帮忙填填问卷[大哭]，动动手指就是对可怜人莫大的帮助！谢谢！,2023-03-17 11:12:51,1701,0,['https://d040779c2cd49.cdn.sohucs.com/s_mini/pic/20230317/1012414280328290304.jpg'],[]
1012253318644441344	,善良的觉远,男,你真的睡得着吗？这样将我们的一切都丢下了,2023-03-17 00:33:13,2313,1,[],"[('稳重的范遥', '我睡得着，这样就可以将我们的一切都丢下了')]"
1012217267301326848	,llllliiiikkkkk,女,问一下有没有追jns的 单纯问一下 觉得实在找不到同好 本人是KK和nnw双担,2023-03-16 22:09:57,2049,1,[],"[('llllliiiikkkkk', '好的jns真的就是这么冷')]"
1012189720714879872	,雷伊卡摸鱼大师,女,"本科工科女想薅一个能跟我一起发疯一起聊天聊地一起当饭搭子的亲友小姐姐[大哭][大哭][大哭]
我真的好缺朋友（救",2023-03-16 20:20:30,2242,10,[],"[('随便9418', '在哪个校区啊[色]'), ('狐友167913502124201', '我来我来'), ('狐友166965045242302', '我也想!'), ('战狼冷锋', '霞英'), ('狐友167586949962605', '我来我来'), ('horror', '可以只聊天不吃饭嘛[色]')]"
1012171408094208384	,糖糖美眉,女,东升园公寓次卧短租。有衣柜书桌等一应俱全。采光好。我的合同是到5月底。近期因工作变化所以转出。房间宽敞，可以室内运动。有晾衣服的地方，不用在屋内晾衣服。房子离五道口只有3分钟路程。屋内另外两间房住了两人。舍友均友好其中一个是北航在读研究生，平时都出去上班了不在家。,2023-03-16 19:07:44,2551,9,"['https://d040779c2cd49.cdn.sohucs.com/s_v4_4b/pic/20230316/1012171329350147968.jpg', 'https://d040779c2cd49.cdn.sohucs.com/s_v4_4ab/pic/20230316/1012171329396285312.jpg', 'https://d040779c2cd49.cdn.sohucs.com/s_v4_4ab/pic/20230316/1012171329408868224.jpg', 'https://d040779c2cd49.cdn.sohucs.com/s_v4_4ab/pic/20230316/1012171329358536704.jpg']","[('糖糖美眉', '包含所有3500左右'), ('封狼居胥7', '礼貌询价\n'), ('边缘行者--', '多少钱？我有意向'), ('momo9387', '多少钱？')]"
1012150447424872576	,犬,女,"后天（周六）晚上有没有一起去看醒山的呀～
找不到校内核狗组织55555",2023-03-16 17:44:26,1716,6,[],"[('用户1364949', '一起呀 刚买了票'), ('狐友167872404267300', '重金属有点hold不住，听影视金典国风曲么[嘿嘿]'), ('狐友167872404267300', '什么是醒山[黑线]')]"
1012129442878923008	,狂笑浆果丛,男,蹲沙河打羽毛球的，找球搭子,2023-03-16 16:20:58,1633,2,[],"[('狐友167906647441900', '要是不会正经打呢')]"
1012096252659310848	,狐友167894623478902,未知,求有计算机学院资源的同学做校园大使哦，报酬丰厚。[色][色],2023-03-16 14:09:05,1618,2,[],"[('momo9387', '怎么说'), ('狐友166420874379107', '怎么说')]"
1012021379207472000	,Dawnyt,女,"
坐标北外，最近在准备组队做大创，但是组内缺乏有网站建立、运营和维护经历的人，所以想找找北航是否有相关人员有意愿加入我们~有意私聊哦~",2023-03-16 09:11:34,2069,0,['https://d040779c2cd49.cdn.sohucs.com/s_mini/pic/20230316/1012021378280333312'],[]
1012007941420818688	,狐友167892571162707,未知,找考911材料的学长学姐，分要100+，高价收笔记呀，微信z15008609009[比心],2023-03-16 08:18:10,1974,0,['https://d040779c2cd49.cdn.sohucs.com/s_v3_1_w_z/pic/20230316/1012007932662914944.jpg'],[]
1011877515255554944	,狐友166360342739303,男,北航现在可以报名四六级了吗，我们导员还没通知,2023-03-15 23:39:54,1953,0,[],[]
1011822961591787904	,狐友167024059653608,女,求解答，真的很想知道今天3.15星期三晚上在图书馆三楼穿着一身黑色衣服推着书车整理书籍的小哥哥叫什么名字，有联系方式的话就好啦，小哥哥很有气质，看到小哥哥心情就会变得很好，很想认识一下[色],2023-03-15 20:03:07,2318,4,[],"[('狐友168006395388405', '姐姐'), ('狐友167888238851909', '他还很温柔！')]"
1011722624151266176	,张方钊,男,nujabes的钢琴采的还是那么好，今天中午一直在听01,2023-03-15 13:24:25,1692,0,[],[]
1011677215253013248	,学院路周杰伦,未知,想问一下北航有没有室内可以蹦蹦跳跳或踢毽子、跳绳的地方，这两这大风，根本没办法跑步和户外运动呀,2023-03-15 10:23:59,1651,1,[],"[('狐友1647925554055', 'cy，我也喜欢踢毽子')]"
1011540307218735616	,柔弱的赵敏,男,夏季银河要到了，有没有想要拍星的小伙伴呀，想结伴去拍安全一点,2023-03-15 01:19:57,2331,3,[],"[('豪爽的史火龙', '一般拍星星会去哪啊'), ('柔弱的赵敏', '有意向可以加微信：halolufa')]"
1011539856104562944	,封狼居胥7,未知,有同学出租北航校园卡吗 每天都去学校准备24考研  高于市场价[比心],2023-03-15 01:18:10,2098,3,[],"[('huyoux', '出租校园卡被发现是会被校级处分的'), ('封狼居胥7', 'vx dayinyinyushi7')]"
1011512976232095872	,狐友167586949962605,女,请问各位友友，学校里怎么做志愿活动啊？需要志愿时长～,2023-03-14 23:31:21,2005,2,[],"[('mag6656', '可以加一下蓝协志愿者群，定期会有志愿招募，或者关注一下公众号')]"
1011480350200898432	,狐友167878571404007,男,3.14新主楼晚上有个男的坐我对面一直用烧0声线夹子音做家教，然后还急眼捶桌子跺脚摔手机91 真想给他一拳,2023-03-14 21:21:43,3075,3,[],"[('狐友1647517701111', '[喷水]'), ('派派-', '哈哈哈哈笑死我啦'), ('狐友166366694573106', '笑飞了')]"
1011457503717957760	,狐友166420271649000,女,"有没有三四月雅思的友友一起练口语？
留个q：980456113",2023-03-14 19:50:56,1928,0,[],[]
1011430789604384896	,狐友166445395351607,女,"学院路有友友有奥司他韦吗 
孩子烧了两天了，难受
有偿",2023-03-14 18:04:46,2705,3,[],"[('狐友166445395351607', '怎么联系您呀')]"
1011420687568674816	,在日落之前9968,男,捞明天下午一起去滑冰的友友（3月15日），有意者+q1695901321,2023-03-14 17:24:38,2527,6,[],"[('匿名的小动物', '是速滑还是花滑呀')]"
1011420210558870144	,狐友167878571404007,男,有参加集创的同学嘛，大三的想组队,2023-03-14 17:22:44,2252,0,[],[]
1011419789027124096	,阿白4781,女,"有没有人想报暑校的啊
可以一起交流一下
目标是：UCL or UBC
",2023-03-14 17:21:04,2417,5,[],"[('狐友167463651759705', 'dd 18810092095'), ('Loooove', 'oxford不行吗\U0001f979\U0001f979\U0001f979'), ('阿白4781', '联系方式：qtaaa040904')]"
1011418206159708928	,Uukop,男,学校有没有英语角之类的组织可以一起练习下口语,2023-03-14 17:14:46,1759,3,[],"[('198537254636107', '上面那个是VX'), ('198537254636107', '欢迎来北航头马英语演讲社[棒]，每周五晚上7-9活动，可以联系会员副主席：LycsWalnut55667788')]"
1011400480724820736	,狐友166456012991908,男,出全新未拆封256g 蓝色 ipad10、全新妙控键盘（学院路面交）V：15066271102,2023-03-14 16:04:20,1770,0,[],[]
1011371396254868352	,阿白1794,未知,有三系考研群吗？麻烦拉一下本人谢谢[拥抱],2023-03-14 14:08:46,2042,1,[],"[('阿白1794', 'v：18923502571[色]')]"
1011338875706221312	,一万次悲伤1484,未知,学院路这边有甲流中招的吗，弱弱问一句[我裂开],2023-03-14 11:59:32,2386,6,[],"[('toxic7652', '烧了两天就退烧了[黑线]'), ('一万次悲伤1484', '我过两周博士开题了都要  可不敢那个时候倒下了 我这两天寻思着去学校外面溜达一圈 提前走一下这个流程[调皮]'), ('Cassie90', '烧了三天[大哭]'), ('一万次悲伤1484', '主要是xhs上一瞄 海淀区有好多人去三甲医院发热门诊开药的 说是排队得几个小时 那感染人员密集程度 那不得路过就感染'), ('Echo_zz', '烧了一天，退烧了，离谱')]"
1011173373012812672	,北航北航,未知,欢迎大家投稿[比心],2023-03-14 01:01:53,3251,0,['https://d040779c2cd49.cdn.sohucs.com/s_v3_1_w_z/pic/20230314/1011173315139608576.jpg'],[]
1011164402956836864	,狐友167872404267300,男,求租两个最好能在一起的校内男生宿舍床位。,2023-03-14 00:26:15,2822,2,[],"[('Loooove', '校内宿舍可以出租？！06')]"
1011151728302826240	,狐友166480732292409,男,本人研一男，身高正常体重正常智商正常，希望可以感受到甜甜的感觉，所以希望能结识一个有缘的女孩子，平时可以一起聊聊天出去玩～,2023-03-13 23:35:53,2731,0,[],[]
1011150497773723648	,机敏的张翠山,女,有没有沙河的uu打乒乓球！！！,2023-03-13 23:31:00,2927,2,[],"[('可爱的乔峰', '来，打打！'), ('友好的樊一翁', '[棒]')]"
1011138810710532096	,司空运029,男,航空博物馆里面的展品有电子资料什么吗,2023-03-13 22:44:33,2613,0,[],[]
1011092262475735168	,狐友166456012991908,男,出全新未拆封256g 蓝色 ipad10、全新妙控键盘（学院路面交）V：15066271102,2023-03-13 19:39:35,3543,0,[],[]
1011027234963792512	,狐友167302315817306,女,北航理工科博士在读，28岁，性格温柔外在甜美，个子高挑，圈子太窄啦，希望可以找到诚心的优秀的另一半～ 可以私聊我问具体信息和照片～,2023-03-13 15:21:11,5162,4,[],"[('Olivia1895', '来了^_^'), ('狐友167872003637600', '到处发，确定不是钓鱼嘛？[嘿嘿]')]"
1010972659477062528	,狐友167592662705500,男,有人知道清华的瓜吗[色],2023-03-13 11:44:20,8536,14,[],"[('Isaac T.', '什么瓜都吃只会害了你'), ('InsaneE゛', ''), ('斡大意勒', ''), ('斡大意勒', '不是啥好瓜，怪哈人的06'), ('狐友166523831342502', '仔细说说'), ('狐友167412441072307', '听说了 真假'), ('狐友166432778184000', '知道紫操学姐\n'), ('Reinforcement', '清华食堂卖的西瓜确实好吃'), ('2009-09', '你就是个瓜'), ('狐友166644481632603', '细说[色]')]"
1010799382595051008	,狐友166420874379107,未知,有没有同学知道校医院洗牙需要抢号吗，需要多少钱,2023-03-13 00:15:47,3490,3,[],"[('宁夏8414', '两百以内'), ('狐友167875397075104', '12点在校医院的公众号上抢号'), ('狐友166807030903409', '沙河可以洗牙吗   还是只有学院路可以？')]"
1010793449961757568	,滑稽的胡青羊,女,学校还有哪些墙啊？,2023-03-12 23:52:13,3675,0,[],[]
1010757058720636544	,狐友166456012991908,男,出全新未拆封256g 蓝色 ipad10、全新妙控键盘（学院路面交）V：15066271102,2023-03-12 21:27:36,3186,0,[],[]
1010747211581169024	,狐友167862517144102,未知,请问大家北航周围的电瓶车店宰客吗，想在大运村买个电瓶车骑,2023-03-12 20:48:29,2859,1,[],"[('铭铭6833', '雅迪，爱玛，新日 电池24的2千，12的一千，车架大的2千小的一千，基本这个价格范围内都没问题，小牛 9号会贵一些，线上线下同价')]"
